id,company,title,location,remote,salary,experience,department,skills,category,url,date_found,status,favorite,job_source
319,AirBnb,"Associate Principal, Strategic Finance & Analytics","United States ",On-site,Unknown,,,,Other,https://careers.airbnb.com/positions/8072136?gh_jid=8072136,2026-08-03,New,0,"AirBnb Careers"
320,AirBnb,"Lead, Advanced Analytics, Acquisition","United States",On-site,Unknown,,,,Other,https://careers.airbnb.com/positions/7948314?gh_jid=7948314,2026-08-03,New,0,"AirBnb Careers"
321,AirBnb,"Lead Advanced Analytics, Guest Product","United States",On-site,Unknown,,,,Other,https://careers.airbnb.com/positions/8080954?gh_jid=8080954,2026-08-03,New,0,"AirBnb Careers"
322,AirBnb,"Lead, Advanced Analytics, Hosting Services (Brazil) ","Brazil ",On-site,Unknown,,,,Other,https://careers.airbnb.com/positions/7964249?gh_jid=7964249,2026-08-03,New,0,"AirBnb Careers"
324,AirBnb,"Lead, Advanced Analytics, Payments","United States",On-site,Unknown,,,,Other,https://careers.airbnb.com/positions/7967712?gh_jid=7967712,2026-08-03,New,0,"AirBnb Careers"
325,AirBnb,"Marketing Operations Lead","United States",On-site,Unknown,,,,"Marketing Analytics",https://careers.airbnb.com/positions/8056124?gh_jid=8056124,2026-08-03,New,0,"AirBnb Careers"
327,AirBnb,"Senior Account Executive, Hotels (Milan-based)","Milan, Italy",On-site,Unknown,,,,Sales,https://careers.airbnb.com/positions/8046210?gh_jid=8046210,2026-08-03,New,0,"AirBnb Careers"
328,AirBnb,"Senior Manager, Advanced Analytics, Fraud & Safety Operations","United States",On-site,Unknown,,,,Other,https://careers.airbnb.com/positions/7788160?gh_jid=7788160,2026-08-03,New,0,"AirBnb Careers"
329,AirBnb,"Senior Sales Operations Lead","United States",On-site,Unknown,,,,"Sales Operations",https://careers.airbnb.com/positions/8083716?gh_jid=8083716,2026-08-03,New,0,"AirBnb Careers"
330,AirBnb,"Sr Manager, Advanced Analytics, FSI","United States",On-site,Unknown,,,,Other,https://careers.airbnb.com/positions/7926527?gh_jid=7926527,2026-08-03,New,0,"AirBnb Careers"
331,AirBnb,"Staff Advanced Analytics, Guest Product","United States",On-site,Unknown,,,,Other,https://careers.airbnb.com/positions/7943874?gh_jid=7943874,2026-08-03,New,0,"AirBnb Careers"
332,AirBnb,"Staff Analyst, Advanced Analytics, Payments","United States",On-site,Unknown,,,,Other,https://careers.airbnb.com/positions/8003341?gh_jid=8003341,2026-08-03,New,0,"AirBnb Careers"
333,DoorDash,"Account Executive","Charlotte, NC; Raleigh, NC; Tampa, FL; Orlando, FL; Pittsburgh, PA; Richmond, VA; Jacksonville, FL; Columbus, OH; Dallas, TX; Houston, TX; Minneapolis, MN; Nashville, TN; Kansas City, MO; St. Louis, MO; Tempe, AZ; Indianapolis, IN; Oklahoma City, OK; New Orleans, LA; Charleston, SC; Atlanta, GA",On-site,Unknown,,,,Sales,https://job-boards.greenhouse.io/doordashusa/jobs/7858932,2026-08-03,New,0,"DoorDash Careers"
334,DoorDash,"Account Executive, Emerging Markets","Atlanta, GA; Tempe, AZ; Tampa, FL; Raleigh, NC; Nashville, TN; Las Vegas, NV; Dallas, TX; Houston, TX",On-site,Unknown,,,,Sales,https://job-boards.greenhouse.io/doordashusa/jobs/8068432,2026-08-03,New,0,"DoorDash Careers"
335,DoorDash,"Account Executive Enterprise - Ad Sales","Los Angeles, CA; Atlanta, GA; Chicago, IL; Seattle, WA",On-site,Unknown,,,,Sales,https://job-boards.greenhouse.io/doordashusa/jobs/7954255,2026-08-03,New,0,"DoorDash Careers"
336,DoorDash,"Account Executive - New Verticals, Enterprise Ad Sales","San Francisco, CA; New York, NY; Los Angeles, CA; Atlanta, GA; Chicago, IL",On-site,Unknown,,,,Sales,https://job-boards.greenhouse.io/doordashusa/jobs/7885134,2026-08-03,New,0,"DoorDash Careers"
337,DoorDash,"Account Manager, CPG","New York, NY; San Francisco, CA; Los Angeles, CA; Chicago, IL; Atlanta, GA",On-site,Unknown,,,,Sales,https://job-boards.greenhouse.io/doordashusa/jobs/7612643,2026-08-03,New,0,"DoorDash Careers"
338,DoorDash,"Account Manager, Enterprise Ad Sales","New York, NY; San Francisco, CA; Los Angeles, CA; Atlanta, GA; Chicago, IL; United States - Remote",Remote,Unknown,,,,Sales,https://job-boards.greenhouse.io/doordashusa/jobs/8001716,2026-08-03,New,0,"DoorDash Careers"
340,DoorDash,"Account Manager, Mid Market CPG Partnerships","New York, NY; Los Angeles, CA; Atlanta, GA; Chicago, IL; San Francisco, CA",On-site,Unknown,,,,Sales,https://job-boards.greenhouse.io/doordashusa/jobs/7918661,2026-08-03,New,0,"DoorDash Careers"
341,DoorDash,"Account Manager, Platform Innovation","San Francisco, CA; Los Angeles, CA; Phoenix, AZ; Chicago, IL; Detroit, MI; New York, NY; Philadelphia, PA; Washington, DC",On-site,Unknown,,,,Sales,https://job-boards.greenhouse.io/doordashusa/jobs/7958917,2026-08-03,New,0,"DoorDash Careers"
342,DoorDash,"Account Manager, Restaurants (Bilingual Spanish)","Miami, FL;  Atlanta, GA",On-site,Unknown,,,,Sales,https://job-boards.greenhouse.io/doordashusa/jobs/7899497,2026-08-03,New,0,"DoorDash Careers"
343,DoorDash,"Account Manager, Retail - Enterprise Ad Sales","Atlanta, GA; Chicago, IL",On-site,Unknown,,,,Sales,https://job-boards.greenhouse.io/doordashusa/jobs/7482108,2026-08-03,New,0,"DoorDash Careers"
344,DoorDash,"Account Manager, SMB","Philadelphia, PA",On-site,Unknown,,,,Sales,https://job-boards.greenhouse.io/doordashusa/jobs/8060846,2026-08-03,New,0,"DoorDash Careers"
345,DoorDash,"Analytics Engineer","San Francisco, CA; Sunnyvale, CA;Seattle, WA",On-site,Unknown,,,,Other,https://job-boards.greenhouse.io/doordashusa/jobs/7028089,2026-08-03,New,0,"DoorDash Careers"
346,DoorDash,"Analytics Engineer, Data Science","Austin, TX; Chicago, IL; New York, NY; San Francisco, CA; San Jose, CA; Seattle, WA; Los Angeles, CA; Washington D.C.",On-site,Unknown,,,,Other,https://job-boards.greenhouse.io/doordashusa/jobs/7967918,2026-08-03,New,0,"DoorDash Careers"
347,DoorDash,"Associate, Revenue Operations - Ads & Promotions","New York, NY; Washington, DC; Chicago, IL; Seattle, WA; San Francisco, CA; Los Angeles, CA; Phoenix, AZ",On-site,Unknown,,,,"Revenue Operations",https://job-boards.greenhouse.io/doordashusa/jobs/8049270,2026-08-03,New,0,"DoorDash Careers"
348,DoorDash,"Business Systems Product Owner","Chicago, IL; Los Angeles, CA; New York, NY; San Francisco, CA; Seattle, WA",On-site,Unknown,,,,Other,https://job-boards.greenhouse.io/doordashusa/jobs/6617009,2026-08-03,New,0,"DoorDash Careers"
349,DoorDash,"Data Analyst, In-Store","New York, NY; San Francisco, CA; San Jose, CA; Seattle, WA; Los Angeles, CA; Washington D.C.; Austin, TX; Chicago, IL",On-site,Unknown,,,,"Data Analytics",https://job-boards.greenhouse.io/doordashusa/jobs/7990832,2026-08-03,New,0,"DoorDash Careers"
350,DoorDash,"Director, Analytics, Commerce Platform","New York,NY; San Francisco, CA; Sunnyvale, CA; Seattle, WA",On-site,Unknown,,,,Other,https://job-boards.greenhouse.io/doordashusa/jobs/7822599,2026-08-03,New,0,"DoorDash Careers"
351,DoorDash,"Director, Analytics, New Verticals Consumer","New York, NY; San Francisco, CA; Seattle, WA; Sunnyvale, CA",On-site,Unknown,,,,Other,https://job-boards.greenhouse.io/doordashusa/jobs/8052254,2026-08-03,New,0,"DoorDash Careers"
352,DoorDash,"Enterprise Account Executive - Ad Sales","Chicago, IL",On-site,Unknown,,,,Sales,https://job-boards.greenhouse.io/doordashusa/jobs/8036633,2026-08-03,New,0,"DoorDash Careers"
353,DoorDash,"Enterprise Account Executive - CPG Ads","San Francisco, CA; New York, NY; Los Angeles, CA; Atlanta, GA; Chicago, IL",On-site,Unknown,,,,Sales,https://job-boards.greenhouse.io/doordashusa/jobs/7859689,2026-08-03,New,0,"DoorDash Careers"
354,DoorDash," Enterprise Account Executive, DoorDash for Business","Los Angeles, CA",On-site,Unknown,,,,Sales,https://job-boards.greenhouse.io/doordashusa/jobs/8079888,2026-08-03,New,0,"DoorDash Careers"
355,DoorDash,"Enterprise Account Executive, DoorDash for Business","United States - Remote",Remote,Unknown,,,,Sales,https://job-boards.greenhouse.io/doordashusa/jobs/8078714,2026-08-03,New,0,"DoorDash Careers"
356,DoorDash,"Franchise Account Executive, Ad Sales","New York, NY; San Francisco, CA; Los Angeles, CA; Chicago, IL; Atlanta, GA",On-site,Unknown,,,,Sales,https://job-boards.greenhouse.io/doordashusa/jobs/7697058,2026-08-03,New,0,"DoorDash Careers"
357,DoorDash,"Head of Global Revenue Operations, In-Store","New York, NY; Chicago, IL; San Francisco, CA; Washington D.C.; Tempe, AZ; Los Angeles, CA; Seattle, WA; Sunnyvale, CA",On-site,Unknown,,,,"Revenue Operations",https://job-boards.greenhouse.io/doordashusa/jobs/7449543,2026-08-03,New,0,"DoorDash Careers"
358,DoorDash,"Manager, Data & Analytics, In-Store","New York, NY; San Francisco, CA; San Jose, CA; Seattle, WA; Los Angeles, CA; Washington D.C.; Austin, TX; Chicago, IL",On-site,Unknown,,,,Other,https://job-boards.greenhouse.io/doordashusa/jobs/7967426,2026-08-03,New,0,"DoorDash Careers"
360,DoorDash,"Revenue Data Analyst","United States - Remote",Remote,Unknown,,,,"Data Analytics",https://job-boards.greenhouse.io/doordashusa/jobs/8024408,2026-08-03,New,0,"DoorDash Careers"
361,DoorDash,"Senior Account Executive, Enterprise Franchise Sales","United States - Remote",Remote,Unknown,,,,Sales,https://job-boards.greenhouse.io/doordashusa/jobs/8074438,2026-08-03,New,0,"DoorDash Careers"
362,DoorDash,"Senior Associate, New Verticals - Central Strategy & Analytics","San Francisco, CA; Los Angeles, CA; Seattle, WA; Denver, CO; Chicago, IL; Phoenix, AZ; Washington D.C.; New York, NY",On-site,Unknown,,,,Other,https://job-boards.greenhouse.io/doordashusa/jobs/7822267,2026-08-03,New,0,"DoorDash Careers"
363,DoorDash,"Senior Enterprise Account Executive, DoorDash for Business","United States - Remote",Remote,Unknown,,,,Sales,https://job-boards.greenhouse.io/doordashusa/jobs/8078713,2026-08-03,New,0,"DoorDash Careers"
364,DoorDash,"Sr. Business Intelligence Engineer","New York, NY; San Francisco, CA; San Jose, CA; Seattle, WA; Los Angeles, CA; Washington D.C.; Austin, TX; Chicago, IL",On-site,Unknown,,,,"Business Intelligence",https://job-boards.greenhouse.io/doordashusa/jobs/7905285,2026-08-03,New,0,"DoorDash Careers"
368,Reddit,"Acquisition Account Manager, Mid-Market (Southern Europe)","Amsterdam, Netherlands",On-site,Unknown,,,,Sales,https://job-boards.greenhouse.io/reddit/jobs/8069214,2026-08-03,New,0,"Reddit Careers"
371,Reddit,"Client Account Manager, Large Customer Sales (Tech)","San Francisco, CA",On-site,Unknown,,,,Sales,https://job-boards.greenhouse.io/reddit/jobs/7984021,2026-08-03,New,0,"Reddit Careers"
372,Reddit,"Client Account Manager, Mid-Market Sales (Acquisitions)","Toronto, Canada",On-site,Unknown,,,,Sales,https://job-boards.greenhouse.io/reddit/jobs/8024865,2026-08-03,New,0,"Reddit Careers"
373,Reddit,"Senior Agile Client Account Executive - EMEA","Amsterdam, Netherlands",On-site,Unknown,,,,Sales,https://job-boards.greenhouse.io/reddit/jobs/7759129,2026-08-03,New,0,"Reddit Careers"
374,Reddit,"Senior Client Account Executive, Mid-Market Sales (B2B Services)","San Francisco, CA",On-site,Unknown,,,,Sales,https://job-boards.greenhouse.io/reddit/jobs/8067911,2026-08-03,New,0,"Reddit Careers"
376,Reddit,"Senior Client Account Manager, Large Customer Sales (Pharma)","Chicago, IL",On-site,Unknown,,,,Sales,https://job-boards.greenhouse.io/reddit/jobs/7977257,2026-08-03,New,0,"Reddit Careers"
378,Reddit,"Senior Client Account Manager, Large Customer Sales (Retail)","Toronto, Canada",On-site,Unknown,,,,Sales,https://job-boards.greenhouse.io/reddit/jobs/8010396,2026-08-03,New,0,"Reddit Careers"
379,Reddit,"Senior Client Account Manager, Large Customer Sales (Telco, Media & Entertainment)","Toronto, Canada",On-site,Unknown,,,,Sales,https://job-boards.greenhouse.io/reddit/jobs/8010403,2026-08-03,New,0,"Reddit Careers"
380,Stripe,"Account Executive, AI Sales (Grower)","San Francisco, CA",On-site,Unknown,,,,Sales,https://stripe.com/jobs/search?gh_jid=7954688,2026-08-03,New,0,"Stripe Careers"
382,Stripe,"Account Executive, Bridge ","SF, NYC, SEA, CHI",On-site,Unknown,,,,Sales,https://stripe.com/jobs/search?gh_jid=8077887,2026-08-03,New,0,"Stripe Careers"
386,Stripe,"Account Executive - Enterprise, Grower","US-Remote, US-San Francisco, US-Chicago, US-New York, US-Seattle, US-Texas",Remote,Unknown,,,,Sales,https://stripe.com/jobs/search?gh_jid=7993151,2026-08-03,New,0,"Stripe Careers"
387,Stripe,"Account Executive, Enterprise - Grower","US-New York, US-Chicago, US-Atlanta, US-San Francisco, US-Texas",On-site,Unknown,,,,Sales,https://stripe.com/jobs/search?gh_jid=7997555,2026-08-03,New,0,"Stripe Careers"
388,Stripe,"Account Executive - Enterprise, Growth","US-San Francisco, US-California",On-site,Unknown,,,,Growth,https://stripe.com/jobs/search?gh_jid=7997146,2026-08-03,New,0,"Stripe Careers"
389,Stripe,"Account Executive, Enterprise - Hunter","US-San Francisco, US-Chicago, US-New York",On-site,Unknown,,,,Sales,https://stripe.com/jobs/search?gh_jid=7994330,2026-08-03,New,0,"Stripe Careers"
393,Stripe,"Account Executive, Enterprise Platforms (Grower)","San Francisco, CA; Chicago, IL & New York, NY",On-site,Unknown,,,,Sales,https://stripe.com/jobs/search?gh_jid=7576967,2026-08-03,New,0,"Stripe Careers"
394,Stripe,"Account Executive, Enterprise Platforms, Hunter","New York, NY; San Francisco, CA; Seattle, WA; Chicago, IL",On-site,Unknown,,,,Sales,https://stripe.com/jobs/search?gh_jid=7961609,2026-08-03,New,0,"Stripe Careers"
395,Stripe,"Account Executive, Enterprise Platforms, Tier 2 Grower","New York, NY; San Francisco, CA",On-site,Unknown,,,,Sales,https://stripe.com/jobs/search?gh_jid=8041894,2026-08-03,New,0,"Stripe Careers"
398,Stripe,"Account Executive, Funded Startups - Expansion","San Francisco",On-site,Unknown,,,,Sales,https://stripe.com/jobs/search?gh_jid=8024368,2026-08-03,New,0,"Stripe Careers"
399,Stripe,"Account Executive, Mid Market (Hunter)",Chicago,On-site,Unknown,,,,Sales,https://stripe.com/jobs/search?gh_jid=7863714,2026-08-03,New,0,"Stripe Careers"
402,Stripe,"Account Executive, Product - Link","NYC, SF",On-site,Unknown,,,,Sales,https://stripe.com/jobs/search?gh_jid=8049828,2026-08-03,New,0,"Stripe Careers"
403,Stripe,"Account Executive, Product (Link and Financial Connections)","SF, NYC, CHI, SEA",On-site,Unknown,,,,Sales,https://stripe.com/jobs/search?gh_jid=8047510,2026-08-03,New,0,"Stripe Careers"
404,Stripe,"Account Executive, Product Sales (Billing)",US-NYC,On-site,Unknown,,,,Sales,https://stripe.com/jobs/search?gh_jid=7984339,2026-08-03,New,0,"Stripe Careers"
405,Stripe,"Account Executive, Product Sales, Billing","South San Francisco, CA; New York, NY; Seattle, WA; Chicago, IL; Atlanta, GA; Washington DC",On-site,Unknown,,,,Sales,https://stripe.com/jobs/search?gh_jid=7393169,2026-08-03,New,0,"Stripe Careers"
406,Stripe,"Account Executive, Product Sales - Capital","SF, NYC, SEA, CHI",On-site,Unknown,,,,Sales,https://stripe.com/jobs/search?gh_jid=7728365,2026-08-03,New,0,"Stripe Careers"
407,Stripe,"Account Executive, Product Sales - Issuing and Treasury","SF, NYC, remote",Remote,Unknown,,,,Sales,https://stripe.com/jobs/search?gh_jid=7456716,2026-08-03,Applied,0,"Stripe Careers"
412,Stripe,"Account Executive, Scaled (Grower)",Chicago,On-site,Unknown,,,,Sales,https://stripe.com/jobs/search?gh_jid=8095679,2026-08-03,New,0,"Stripe Careers"
413,Stripe,"Account Executive, SMB (Grower)",Chicago,On-site,Unknown,,,,Sales,https://stripe.com/jobs/search?gh_jid=7866501,2026-08-03,New,0,"Stripe Careers"
414,Stripe,"Account Executive, SMB (Hunter)","Chicago and NYC",On-site,Unknown,,,,Sales,https://stripe.com/jobs/search?gh_jid=7277406,2026-08-03,New,0,"Stripe Careers"
415,Stripe,"Account Executive, Startup Platforms ","San Francisco",On-site,Unknown,,,,Sales,https://stripe.com/jobs/search?gh_jid=7891728,2026-08-03,New,0,"Stripe Careers"
418,Stripe,"Account Executive, Strategic Platform Partnerships","San Francisco, CA",On-site,Unknown,,,,Sales,https://stripe.com/jobs/search?gh_jid=8060387,2026-08-03,New,0,"Stripe Careers"
421,Stripe,"Credit Risk Strategy and Analytics",Canada,On-site,Unknown,,,,Other,https://stripe.com/jobs/search?gh_jid=8044686,2026-08-03,New,0,"Stripe Careers"
422,Stripe,"Credit Risk Strategy and Analytics ","United States ",On-site,Unknown,,,,Other,https://stripe.com/jobs/search?gh_jid=8052468,2026-08-03,New,0,"Stripe Careers"
423,Stripe,"Data Analyst",Canada,On-site,Unknown,,,,"Data Analytics",https://stripe.com/jobs/search?gh_jid=5416444,2026-08-03,New,0,"Stripe Careers"
430,Stripe,"Head of Marketing Operations","San Francisco, New York, Seattle, Chicago, Atlanta, Toronto, Remote in the US, Remote in Canada",Remote,Unknown,,,,"Marketing Analytics",https://stripe.com/jobs/search?gh_jid=8065643,2026-08-03,New,0,"Stripe Careers"
431,Stripe,"Internal Audit Data Analytics Lead","Toronto, New York, San Francisco",On-site,Unknown,,,,Other,https://stripe.com/jobs/search?gh_jid=8026689,2026-08-03,New,0,"Stripe Careers"
435,Stripe,"Sales Compensation Analytics & Systems Specialist","CHI, SF, NYC, SEA, US Remote",Remote,Unknown,,,,Other,https://stripe.com/jobs/search?gh_jid=7739207,2026-08-03,Applied,0,"Stripe Careers"
437,Stripe,"Staff Data Analyst",US,On-site,Unknown,,,,"Data Analytics",https://stripe.com/jobs/search?gh_jid=7921649,2026-08-03,New,0,"Stripe Careers"
440,Stripe,"Technical Account Manager, AI User Segment","San Francisco, CA",On-site,Unknown,,,,Sales,https://stripe.com/jobs/search?gh_jid=7918088,2026-08-03,New,0,"Stripe Careers"
442,Stripe,"Technical Account Manager, Terminal","Remote, US",Remote,Unknown,,,,Sales,https://stripe.com/jobs/search?gh_jid=7366283,2026-08-03,New,0,"Stripe Careers"
444,DoorDash,"account manager, cpg","New York, NY; Los Angeles, CA; Atlanta, GA; Chicago, IL; San Francisco, CA",On-site,Unknown,,,,Sales,https://job-boards.greenhouse.io/doordashusa/jobs/7592588,2026-08-03,New,0,"DoorDash Careers"
445,DoorDash,"account manager, enterprise ad sales","New York, NY; San Francisco, CA; Los Angeles, CA; Chicago, IL; Atlanta, GA",On-site,Unknown,,,,Sales,https://job-boards.greenhouse.io/doordashusa/jobs/7951406,2026-08-03,New,0,"DoorDash Careers"
446,DoorDash,"account manager, smb","Portland, OR; Seattle, WA",On-site,Unknown,,,,Sales,https://job-boards.greenhouse.io/doordashusa/jobs/8060841,2026-08-03,New,0,"DoorDash Careers"
447,DoorDash,"enterprise account executive - cpg ads","San Francisco, CA; New York, NY; Los Angeles, CA; Atlanta, GA; Chicago, IL",On-site,Unknown,,,,Sales,https://job-boards.greenhouse.io/doordashusa/jobs/7909702,2026-08-03,New,0,"DoorDash Careers"
448,DoorDash,"franchise account executive, ad sales","New York, NY; Atlanta, GA; Chicago, IL",On-site,Unknown,,,,Sales,https://job-boards.greenhouse.io/doordashusa/jobs/8069361,2026-08-03,New,0,"DoorDash Careers"
449,DoorDash,"outside account manager","Los Angeles, CA",On-site,Unknown,,,,Sales,https://job-boards.greenhouse.io/doordashusa/jobs/8049157,2026-08-03,New,0,"DoorDash Careers"
450,Reddit,"client account manager, large customer sales (tech)","Los Angeles, CA",On-site,Unknown,,,,Sales,https://job-boards.greenhouse.io/reddit/jobs/8052032,2026-08-03,New,0,"Reddit Careers"
452,Reddit,"senior client account manager, large customer sales (restaurants and drinks)","Chicago, IL",On-site,Unknown,,,,Sales,https://job-boards.greenhouse.io/reddit/jobs/8022663,2026-08-03,New,0,"Reddit Careers"
453,Stripe,"account executive, enterprise platforms, tier 2 grower","San Francisco, CA",On-site,Unknown,,,,Sales,https://stripe.com/jobs/search?gh_jid=8075473,2026-08-03,New,0,"Stripe Careers"
456,Livenation,"ln concerts, financial analyst ii","2 Locations",On-site,Unknown,,,,Other,https://livenation.wd503.myworkdayjobs.com/job/Work-From-Home---California---Los-Angeles/LN-Concerts--Financial-Analyst-II_JR-92093,2026-08-03,New,0,"Livenation Careers"
457,Livenation,"lead security operations center (soc) analyst","Work From Home - Nevada",Remote,Unknown,,,,Other,https://livenation.wd503.myworkdayjobs.com/job/Work-From-Home---Nevada/Lead-Security-Operations-Center--SOC--Analyst_JR-91954,2026-08-03,New,0,"Livenation Careers"
458,Livenation,"event operations staff- fillmore minneapolis","Minneapolis, MN, USA",On-site,Unknown,,,,Other,https://livenation.wd503.myworkdayjobs.com/job/Minneapolis-MN-USA/Event-Operations-Staff--Fillmore-Minneapolis_JR-83724-1,2026-08-03,New,0,"Livenation Careers"
459,Livenation,"venue operations","Wilmington, NC, USA",On-site,Unknown,,,,Other,https://livenation.wd503.myworkdayjobs.com/job/Wilmington-NC-USA/Venue-Operations_JR-91958-1,2026-08-03,New,0,"Livenation Careers"
460,Livenation,"operations staff- the truth","Nashville, TN, USA",On-site,Unknown,,,,Other,https://livenation.wd503.myworkdayjobs.com/job/Nashville-TN-USA/Operations-Staff--The-Truth_JR-91985,2026-08-03,New,0,"Livenation Careers"
462,Livenation,"operations supervisor","Auckland, New Zealand",On-site,Unknown,,,,Other,https://livenation.wd503.myworkdayjobs.com/job/Auckland-New-Zealand/Operations-Supervisor_JR-91467,2026-08-03,New,0,"Livenation Careers"
463,Livenation,"it operations lead","Santa Domingo, Dominican Republic",On-site,Unknown,,,,Other,https://livenation.wd503.myworkdayjobs.com/job/Santa-Domingo-Dominican-Republic/LN-Concerts--Technology-Manager_JR-90398,2026-08-03,New,0,"Livenation Careers"
464,Livenation,"business intelligence business analyst","8 Locations",On-site,Unknown,,,,"Business Intelligence",https://livenation.wd503.myworkdayjobs.com/job/Work-From-Home---Illinois/Business-Intelligence-Business-Analyst_JR-91250,2026-08-03,New,0,"Livenation Careers"
465,Livenation,"ln venues, venue applications support analyst (pennsylvania)","Work From Home - Pennsylvania",Remote,Unknown,,,,Other,https://livenation.wd503.myworkdayjobs.com/job/Work-From-Home---Pennsylvania/LN-Venues--Venue-Applications-Support-Analyst_JR-91596,2026-08-03,New,0,"Livenation Careers"
466,Livenation,"ln venues, venue applications support analyst (in, oh, wi, mo)","4 Locations",On-site,Unknown,,,,Other,https://livenation.wd503.myworkdayjobs.com/job/Work-From-Home---Tennessee/LN-Venues--Venue-Applications-Support-Analyst_JR-91586-3,2026-08-03,New,0,"Livenation Careers"
467,Livenation,"operations assistant - old national centre (part time)","Indianapolis, IN, USA",On-site,Unknown,,,,Other,https://livenation.wd503.myworkdayjobs.com/job/Indianapolis-IN-USA/Operations-Assistant---Old-National-Centre--Part-Time-_JR-72262,2026-08-03,New,0,"Livenation Careers"
468,Livenation,"vibee - seasonal production & operations coordinator","Las Vegas, NV, USA",On-site,Unknown,,,,Other,https://livenation.wd503.myworkdayjobs.com/job/Las-Vegas-NV-USA/Vibee----Seasonal-Production---Operations-Coordinator_JR-91784-3,2026-08-03,New,0,"Livenation Careers"
469,Livenation,"venue operations staff - synovus bank amphitheater at chastain park (seasonal part time)","Atlanta, GA, USA",On-site,Unknown,,,,Other,https://livenation.wd503.myworkdayjobs.com/job/Atlanta-GA-USA/Venue-Operations-Staff---Synovus-Bank-Amphitheater-at-Chastain-Park--Seasonal-Part-time-_JR-91717-1,2026-08-03,New,0,"Livenation Careers"
471,Livenation,"ln venues, operations manager - fox theater riverside","Riverside, CA, USA",On-site,Unknown,,,,Other,https://livenation.wd503.myworkdayjobs.com/job/Riverside-CA-USA/LN-Venues--Operations-Manager---Fox-Theater-Riverside_JR-91597,2026-08-03,New,0,"Livenation Careers"
472,Livenation,"ln venues, director of operations - brooklyn bowl las vegas","Las Vegas, NV, USA",On-site,Unknown,,,,Other,https://livenation.wd503.myworkdayjobs.com/job/Las-Vegas-NV-USA/LN-Venues--Director-of-Operations---Brooklyn-Bowl-Las-Vegas_JR-91662,2026-08-03,New,0,"Livenation Careers"
473,Livenation,"operations supervisor-satellite music hall","Memphis, TN, USA",On-site,Unknown,,,,Other,https://livenation.wd503.myworkdayjobs.com/job/Memphis-TN-USA/Operations-Supervisor-Satellite-Music-Hall_JR-91332,2026-08-03,New,0,"Livenation Careers"
474,Livenation,"venue operations crew - mystic lake amphitheater","Shakopee, MN, USA",On-site,Unknown,,,,Other,https://livenation.wd503.myworkdayjobs.com/job/Shakopee-MN-USA/Venue-Operations-Crew---Mystic-Lake-Amphitheater_JR-88261,2026-08-03,New,0,"Livenation Careers"
476,Livenation,"ln concerts, analyst - real estate development","Beverly Hills, CA, USA",On-site,Unknown,,,,Other,https://livenation.wd503.myworkdayjobs.com/job/Beverly-Hills-CA-USA/LN-Concerts--Analyst---Business-Development_JR-90933,2026-08-03,New,0,"Livenation Careers"
477,Livenation,"business analyst, fan-based marketing","2 Locations",On-site,Unknown,,,,"Marketing Analytics",https://livenation.wd503.myworkdayjobs.com/job/Work-From-Home---Oregon/Business-Analyst--Fan-Based-Marketing_JR-90459,2026-08-03,New,0,"Livenation Careers"
478,Livenation,"operations crew member - citizens live at the wylie","Pittsburgh, PA, USA",On-site,Unknown,,,,Other,https://livenation.wd503.myworkdayjobs.com/job/Pittsburgh-PA-USA/Operations-Crew-Member---Citizens-Live-at-The-Wylie_JR-90927,2026-08-03,New,0,"Livenation Careers"
479,Livenation,"insomniac - paid fall people operations intern","Calabasas, CA, USA",On-site,Unknown,,,,Other,https://livenation.wd503.myworkdayjobs.com/job/Calabasas-CA-USA/Insomniac---Paid-Fall-People-Operations-Intern_JR-90210-4,2026-08-03,New,0,"Livenation Careers"
480,Livenation,"svp - operations, latam","3 Locations",On-site,Unknown,,,,Other,https://livenation.wd503.myworkdayjobs.com/job/Miami-FL-USA/SVP---Operations--LATAM_JR-86671,2026-08-03,New,0,"Livenation Careers"
481,Livenation,"operations supervisor- pt- vinyl room","Las Vegas, NV, USA",On-site,Unknown,,,,Other,https://livenation.wd503.myworkdayjobs.com/job/Las-Vegas-NV-USA/Operations-Supervisor--PT--Vinyl-Room_JR-90380,2026-08-03,New,0,"Livenation Careers"
482,Livenation,"svp- operations latam","8 Locations",On-site,Unknown,,,,Other,https://livenation.wd503.myworkdayjobs.com/job/Miguel-Hidalgo-DF-MX/SVP--Operations-LATAM_JR-86669-3,2026-08-03,New,0,"Livenation Careers"
483,Livenation,"analyst - cyber security compliance","Work From Home - California",Remote,Unknown,,,,Other,https://livenation.wd503.myworkdayjobs.com/job/Work-From-Home---California/Analyst---Cyber-Security-Compliance_JR-88853,2026-08-03,New,0,"Livenation Careers"
484,Livenation,"ln venues, operations manager - fillmore philadelphia","Philadelphia, PA, USA",On-site,Unknown,,,,Other,https://livenation.wd503.myworkdayjobs.com/job/Philadelphia-PA-USA/LN-Venues--Operations-Manager---Fillmore-Philadelphia_JR-90399,2026-08-03,New,0,"Livenation Careers"
486,Livenation,"insomniac - senior account executive, partnerships","Calabasas, CA, USA",On-site,Unknown,,,,Sales,https://livenation.wd503.myworkdayjobs.com/job/Calabasas-CA-USA/Insomniac---Senior-Account-Executive--Partnerships_JR-90239-1,2026-08-03,New,0,"Livenation Careers"
487,Livenation,"operations supervisor- fillmore minneapolis","Minneapolis, MN, USA",On-site,Unknown,,,,Other,https://livenation.wd503.myworkdayjobs.com/job/Minneapolis-MN-USA/Operations-Supervisor--Fillmore-Minneapolis_JR-90111,2026-08-03,New,0,"Livenation Careers"
488,Livenation,"operations supervisor- the dome by rutter mills","Virginia Beach, VA, USA",On-site,Unknown,,,,Other,https://livenation.wd503.myworkdayjobs.com/job/Virginia-Beach-VA-USA/Operations-Supervisor--The-Dome-by-Rutter-Mills_JR-90103,2026-08-03,New,0,"Livenation Careers"
489,Livenation,"venue operations supervisor - mgm fenway music hall","Boston, MA, USA",On-site,Unknown,,,,Other,https://livenation.wd503.myworkdayjobs.com/job/Boston-MA-USA/Venue-Operations-Supervisor----MGM-Fenway-Music-Hall_JR-90035,2026-08-03,New,0,"Livenation Careers"
490,Livenation,"insomniac - manager, back of house operations","Calabasas, CA, USA",On-site,Unknown,,,,Other,https://livenation.wd503.myworkdayjobs.com/job/Calabasas-CA-USA/Insomniac---Manager--Back-of-House-Operations_JR-90016-1,2026-08-03,New,0,"Livenation Careers"
491,Livenation,"insomniac - project manager, production & operations","Calabasas, CA, USA",On-site,Unknown,,,,Other,https://livenation.wd503.myworkdayjobs.com/job/Calabasas-CA-USA/Insomniac---Project-Manager--Production---Operations_JR-89920-1,2026-08-03,New,0,"Livenation Careers"
492,Livenation,"people analytics & workday reporting analyst","Work from Home - Brazil",Remote,Unknown,,,,Other,https://livenation.wd503.myworkdayjobs.com/job/Work-from-Home---Brazil/People-Analytics---Workday-Reporting-Analyst_JR-89251-1,2026-08-03,New,0,"Livenation Careers"
493,Livenation,"operations administrator- ace of spades","Sacramento, CA, USA",On-site,Unknown,,,,Other,https://livenation.wd503.myworkdayjobs.com/job/Sacramento-CA-USA/Operations-Administrator--Ace-of-Spades_JR-89217,2026-08-03,New,0,"Livenation Careers"
494,Livenation,"operations assistant - uptown theater (minneapolis.","Minneapolis, MN, USA",On-site,Unknown,,,,Other,https://livenation.wd503.myworkdayjobs.com/job/Minneapolis-MN-USA/Operations-Assistant---Uptown-Theater--Minneapolis_JR-89099,2026-08-03,New,0,"Livenation Careers"
495,Livenation,"pt operations supervisor- st andrews hall","Detroit, MI, USA",On-site,Unknown,,,,Other,https://livenation.wd503.myworkdayjobs.com/job/Detroit-MI-USA/PT-Operations-Supervisor--St-Andrews-Hall_JR-88267,2026-08-03,New,0,"Livenation Careers"
496,Livenation,"venue operations (huntington bank pavilion)","Chicago, IL, USA",On-site,Unknown,,,,Other,https://livenation.wd503.myworkdayjobs.com/job/Chicago-IL-USA/Venue-Operations--Huntington-Bank-Pavilion-_JR-88086,2026-08-03,New,0,"Livenation Careers"
497,Livenation,"venue operations - utility freedom mortgage pavilion","Camden, NJ, USA",On-site,Unknown,,,,Other,https://livenation.wd503.myworkdayjobs.com/job/Camden-NJ-USA/Venue-Operations---Utility---Freedom-Mortgage-Pavilion_JR-87738-1,2026-08-03,New,0,"Livenation Careers"
498,Livenation,"on-site venue operations/maintenance staff","Denver, CO, USA",On-site,Unknown,,,,Other,https://livenation.wd503.myworkdayjobs.com/job/Denver-CO-USA/On-Site-Venue-Operations-Maintenance-Staff_JR-87646-2,2026-08-03,New,0,"Livenation Careers"
499,Livenation,"operations staff- allianz amphitheater","Richmond, VA, USA",On-site,Unknown,,,,Other,https://livenation.wd503.myworkdayjobs.com/job/Richmond-VA-USA/Operations-Staff--Allianz-Amphitheater_JR-87664,2026-08-03,New,0,"Livenation Careers"
500,Livenation,"vinyl room operations supervisor - hollywood palladium","Hollywood, CA, USA",On-site,Unknown,,,,Other,https://livenation.wd503.myworkdayjobs.com/job/Hollywood-CA-USA/Vinyl-Room-Operations-Supervisor---Hollywood-Palladium_JR-87530-1,2026-08-03,New,0,"Livenation Careers"
501,Livenation,"sr. operations manager - citizens house of blues","Boston, MA, USA",On-site,Unknown,,,,Other,https://livenation.wd503.myworkdayjobs.com/job/Boston-MA-USA/Sr-Operations-Manager---Citizens-House-of-Blues_JR-86866-1,2026-08-03,New,0,"Livenation Careers"
502,Livenation,"operations assistant - skyla amphitheatre","Charlotte, NC, USA",On-site,Unknown,,,,Other,https://livenation.wd503.myworkdayjobs.com/job/Charlotte-NC-USA/Operations-Assistant---Skyla-Amphitheatre_JR-76090,2026-08-03,New,0,"Livenation Careers"
503,Livenation,"payroll analyst","Houston, TX, USA",On-site,Unknown,,,,Other,https://livenation.wd503.myworkdayjobs.com/job/Houston-TX-USA/Payroll-Analyst_JR-86097,2026-08-03,New,0,"Livenation Careers"
504,Livenation,"operations supervisor pt- punch line irving","Irving, TX, USA",On-site,Unknown,,,,Other,https://livenation.wd503.myworkdayjobs.com/job/Irving-TX-USA/Operations-Supervisor-PT--Punch-Line-Dallas_JR-84007,2026-08-03,New,0,"Livenation Careers"
505,Livenation,"operations supervisor - punch line philadelphia","Philadelphia, PA, USA",On-site,Unknown,,,,Other,https://livenation.wd503.myworkdayjobs.com/job/Philadelphia-PA-USA/Operations-Supervisor---Punch-Line-Philadelphia_JR-84010-2,2026-08-03,New,0,"Livenation Careers"
506,Livenation,"operations supervisor - uptown theater (minneapolis.","Minneapolis, MN, USA",On-site,Unknown,,,,Other,https://livenation.wd503.myworkdayjobs.com/job/Minneapolis-MN-USA/Operations-Supervisor_JR-59098,2026-08-03,New,0,"Livenation Careers"
507,Livenation,"operations supervisor - jiffy lube live","Bristow, VA, USA",On-site,Unknown,,,,Other,https://livenation.wd503.myworkdayjobs.com/job/Bristow-VA-USA/Operations-Supervisor---Jiffy-Lube-Live_JR-78208,2026-08-03,New,0,"Livenation Careers"
508,Livenation,"venue operations- jiffy lube live","Bristow, VA, USA",On-site,Unknown,,,,Other,https://livenation.wd503.myworkdayjobs.com/job/Bristow-VA-USA/Venue-Operations--Jiffy-Lube-Live_JR-77855,2026-08-03,New,0,"Livenation Careers"
509,Livenation,"brooklyn bowl las vegas - operations supervisor","Las Vegas, NV, USA",On-site,Unknown,,,,Other,https://livenation.wd503.myworkdayjobs.com/job/Las-Vegas-NV-USA/Brooklyn-Bowl-Las-Vegas---Operations-Supervisor_JR-77099,2026-08-03,New,0,"Livenation Careers"
510,Livenation,"venue operations staff - uptown theater (minneapolis)","Minneapolis, MN, USA",On-site,Unknown,,,,Other,https://livenation.wd503.myworkdayjobs.com/job/Minneapolis-MN-USA/Venue-Operations-Staff---Uptown-Theater--Minneapolis-_JR-77070,2026-08-03,New,0,"Livenation Careers"
511,Livenation,"operations supervisor- punch line houston","Houston, TX, USA",On-site,Unknown,,,,Other,https://livenation.wd503.myworkdayjobs.com/job/Houston-TX-USA/Operations-Supervisor--Punch-Line-Houston_JR-71180,2026-08-03,New,0,"Livenation Careers"
512,Livenation,"operations supervisor-pt- cobb's comedy","San Francisco, CA, USA",On-site,Unknown,,,,Other,https://livenation.wd503.myworkdayjobs.com/job/San-Francisco-CA-USA/Operations-Supervisor-PT--Cobb-s-Comedy_JR-74597-3,2026-08-03,New,0,"Livenation Careers"
513,Livenation,"operations team member - coca cola roxy","Atlanta, GA, USA",On-site,Unknown,,,,Other,https://livenation.wd503.myworkdayjobs.com/job/Atlanta-GA-USA/Operations-Team-Member---Coca-Cola-Roxy_JR-73759,2026-08-03,New,0,"Livenation Careers"
514,Livenation,"operations/maintenance staff - tabernacle","Atlanta, GA, USA",On-site,Unknown,,,,Other,https://livenation.wd503.myworkdayjobs.com/job/Atlanta-GA-USA/Operations-Maintenance-Staff---Tabernacle_JR-73648,2026-08-03,New,0,"Livenation Careers"
515,Livenation,"operations supervisor- ace of spades","Sacramento, CA, USA",On-site,Unknown,,,,Other,https://livenation.wd503.myworkdayjobs.com/job/Sacramento-CA-USA/Operations-Supervisor--Ace-of-Spades_JR-56841-1,2026-08-03,New,0,"Livenation Careers"
517,Livenation,"Venue Operations","Grand Rapids, MI, USA",On-site,Unknown,,,,Other,https://livenation.wd503.myworkdayjobs.com/job/Grand-Rapids-MI-USA/Venue-Operations_JR-81944-3,2026-08-03,New,0,"Livenation Careers"
518,Livenation,"Operations Supervisor","Sacramento, CA, USA",On-site,Unknown,,,,Other,https://livenation.wd503.myworkdayjobs.com/job/Sacramento-CA-USA/Operations-Supervisor_JR-63540,2026-08-03,New,0,"Livenation Careers"
519,DoorDash,"Account Executive - CPG Ads","San Francisco, CA; Los Angeles, CA; New York, NY; Chicago, IL; Atlanta, GA",On-site,Unknown,,,,Sales,https://job-boards.greenhouse.io/doordashusa/jobs/7875253,2026-08-03,New,0,"DoorDash Careers"
529,Stripe,"GTM Product Marketing Manager, Commerce Experiences","United States",On-site,Unknown,,,,"Marketing Analytics",https://stripe.com/jobs/search?gh_jid=7990812,2026-08-04,New,0,"Stripe Careers"
530,Stripe,"Product Marketing Manager","San Francisco, New York, Seattle, Chicago, Remote, Toronto",Remote,Unknown,,,,"Marketing Analytics",https://stripe.com/jobs/search?gh_jid=6348471,2026-08-04,New,0,"Stripe Careers"
531,Stripe,"Product Marketing Manager, Apps and Ecosystem","San Francisco, Seattle, NYC",On-site,Unknown,,,,"Marketing Analytics",https://stripe.com/jobs/search?gh_jid=7913503,2026-08-04,New,0,"Stripe Careers"
532,Stripe,"Product Marketing Manager, Bridge/Stablecoins","NYC, San Francisco, Seattle",On-site,Unknown,,,,"Marketing Analytics",https://stripe.com/jobs/search?gh_jid=8060324,2026-08-04,New,0,"Stripe Careers"
533,Stripe,"Product Marketing Manager, Global Selling","United States, Canada ",On-site,Unknown,,,,"Marketing Analytics",https://stripe.com/jobs/search?gh_jid=8013981,2026-08-04,New,0,"Stripe Careers"
534,Stripe,"Product Marketing Manager, Market Intelligence","SF, Seattle, NYC, Chicago, Toronto, Remote in the US",Remote,Unknown,,,,"Marketing Analytics",https://stripe.com/jobs/search?gh_jid=8014761,2026-08-04,New,0,"Stripe Careers"
535,Stripe,"Product Marketing Manager, Portfolio Pricing","United States",On-site,Unknown,,,,"Marketing Analytics",https://stripe.com/jobs/search?gh_jid=7832098,2026-08-04,New,0,"Stripe Careers"
536,Stripe,"Product Marketing Manager, Radar","SF, NYC, Seattle, Remote",Remote,Unknown,,,,"Marketing Analytics",https://stripe.com/jobs/search?gh_jid=7961101,2026-08-04,New,0,"Stripe Careers"
537,Stripe,"Product Marketing Manager, Startup Segment","San Francisco, Seattle, NYC, Chicago, Remote in the US, Toronto",Remote,Unknown,,,,"Marketing Analytics",https://stripe.com/jobs/search?gh_jid=8097731,2026-08-04,Applied,0,"Stripe Careers"
538,DoorDash,"Manager, Product Marketing, Ads & Promotions","New York, NY; San Francisco, CA; Los Angeles, CA; Seattle, WA; Chicago, IL; Austin, TX; Boston, MA",On-site,Unknown,,,,"Marketing Analytics",https://job-boards.greenhouse.io/doordashusa/jobs/7977561,2026-08-04,New,0,"DoorDash Careers"
539,DoorDash,"Senior Associate, Integrated Marketing – Product Marketing","New York, NY; San Francisco, CA;  Los Angeles, CA; United States - Remote",Remote,Unknown,,,,"Marketing Analytics",https://job-boards.greenhouse.io/doordashusa/jobs/7968075,2026-08-04,New,0,"DoorDash Careers"
540,DoorDash,"Senior Associate, Product Marketing","United States - Remote",Remote,Unknown,,,,"Marketing Analytics",https://job-boards.greenhouse.io/doordashusa/jobs/8091749,2026-08-04,New,0,"DoorDash Careers"
541,Livenation,"LN Venues, Director of Foundation Room Sales - HOB Dallas","Dallas, TX, USA",On-site,Unknown,,,,Other,https://livenation.wd503.myworkdayjobs.com/job/Dallas-TX-USA/LN-Venues--Director-of-Foundation-Room-Sales---HOB-Dallas_JR-92061,2026-08-04,New,0,"Livenation Careers"
542,Livenation,"LN Concerts, Regional Marketing Coordinator - South","Houston, TX, USA",On-site,Unknown,,,,"Marketing Analytics",https://livenation.wd503.myworkdayjobs.com/job/Houston-TX-USA/LN-Concerts--Regional-Marketing-Coordinator---South_JR-90923,2026-08-04,New,0,"Livenation Careers"
543,Livenation,"Insomniac - Marketing Technology Specialist","Calabasas, CA, USA",On-site,Unknown,,,,"Marketing Analytics",https://livenation.wd503.myworkdayjobs.com/job/Calabasas-CA-USA/Insomniac---Marketing-Technology-Specialist_JR-91950-1,2026-08-04,New,0,"Livenation Careers"
544,Livenation,"LN Venues, Premium Sales and Service Coordinator","Houston, TX, USA",On-site,Unknown,,,,Other,https://livenation.wd503.myworkdayjobs.com/job/Houston-TX-USA/PSS-Coordinator_JR-92030,2026-08-04,New,0,"Livenation Careers"
545,Livenation,"LN Venues, Director of Premium Sales and Service","Bend, OR, USA",On-site,Unknown,,,,Other,https://livenation.wd503.myworkdayjobs.com/job/Bend-OR-USA/LN-Venues--Director-of-Premium-Sales-and-Service_JR-91956,2026-08-04,New,0,"Livenation Careers"
546,Livenation,"LN Media & Sponsorship || Director, Regional Sales","2 Locations",On-site,Unknown,,,,Other,https://livenation.wd503.myworkdayjobs.com/job/US-CA-Beverly-Hills---325-N-Maple-Drive/LN-Media---Sponsorship----Director--Regional-Sales_JR-84839-1,2026-08-04,New,0,"Livenation Careers"
549,Livenation,"LN Venues, Sales & Event Manager - August Hall","San Francisco, CA, USA",On-site,Unknown,,,,Other,https://livenation.wd503.myworkdayjobs.com/job/San-Francisco-CA-USA/LN-Venues--Sales---Event-Manager---August-Hall_JR-91556,2026-08-04,New,0,"Livenation Careers"
550,Livenation,"Marketing Coordinator","Perth, Western Australia",On-site,Unknown,,,,"Marketing Analytics",https://livenation.wd503.myworkdayjobs.com/job/Perth-Western-Australia/Marketing-Coordinator_JR-91610,2026-08-04,New,0,"Livenation Careers"
551,Livenation,"LN Venues, Director of Premium Sales and Service - The Wylie Pittsburgh","Pittsburgh, PA, USA",On-site,Unknown,,,,Other,https://livenation.wd503.myworkdayjobs.com/job/Pittsburgh-PA-USA/LN-Venues--Director-of-Premium-Sales-and-Service--The-Wylie-Pittsburgh--_JR-86853,2026-08-04,New,0,"Livenation Careers"
552,Livenation,"Marketing Director - Asia","Manila, Philippines",On-site,Unknown,,,,"Marketing Analytics",https://livenation.wd503.myworkdayjobs.com/job/Manila-Philippines/Marketing-Director---Asia_JR-91441-3,2026-08-04,New,0,"Livenation Careers"
553,Livenation,"Insomniac - Marketing Coordinator, Concerts","Calabasas, CA, USA",On-site,Unknown,,,,"Marketing Analytics",https://livenation.wd503.myworkdayjobs.com/job/Calabasas-CA-USA/Insomniac---Marketing-Coordinator--Concerts_JR-91421-1,2026-08-04,New,0,"Livenation Careers"
554,Livenation,"Sponsorship & Partnerships Coordinator","AU WA Claremont - 32 Graylands Rd",On-site,Unknown,,,,Other,https://livenation.wd503.myworkdayjobs.com/job/AU-WA-Claremont---32-Graylands-Rd/Sponsorship---Partnerships-Coordinator_JR-91192,2026-08-04,New,0,"Livenation Careers"
555,Livenation,"LN Venues, Premium Sales and Service Coordinator - The Pavilion at Star Lake","Burgettstown, PA, USA",On-site,Unknown,,,,Other,https://livenation.wd503.myworkdayjobs.com/job/Burgettstown-PA-USA/LN-Venues--Premium-Sales-and-Service-Coordinator---The-Pavilion-at-Star-Lake_JR-91237,2026-08-04,New,0,"Livenation Careers"
556,Livenation,"Sr. Sales Manager, Branding & Strategic Partnerships","New York, NY, USA",On-site,Unknown,,,,Other,https://livenation.wd503.myworkdayjobs.com/job/New-York-NY-USA/Sr-Sales-Manager--Branding---Strategic-Partnerships_JR-90841-1,2026-08-04,New,0,"Livenation Careers"
557,Livenation,"LN Venues, Director of Membership Sales - Huntington Paramount","Huntington, NY, USA",On-site,Unknown,,,,Other,https://livenation.wd503.myworkdayjobs.com/job/Huntington-NY-USA/LN-Venues--Director-of-Membership-Sales---Huntington-Paramount_JR-89620,2026-08-04,New,0,"Livenation Careers"
558,Livenation,"Senior Software Engineer I, Fan Based Marketing","Beverly Hills, CA, USA",On-site,Unknown,,,,"Marketing Analytics",https://livenation.wd503.myworkdayjobs.com/job/Beverly-Hills-CA-USA/Senior-Full-Stack-Engineer_JR-89992,2026-08-04,New,0,"Livenation Careers"
559,Livenation,"Insomniac - Marketing Campaign Specialist, YouTube","Calabasas, CA, USA",On-site,Unknown,,,,"Marketing Analytics",https://livenation.wd503.myworkdayjobs.com/job/Calabasas-CA-USA/Insomniac---Marketing-Campaign-Specialist--YouTube_JR-90781-1,2026-08-04,New,0,"Livenation Careers"
560,Livenation,"Insomniac - Merchandise & Content Marketing Manager","Calabasas, CA, USA",On-site,Unknown,,,,"Marketing Analytics",https://livenation.wd503.myworkdayjobs.com/job/Calabasas-CA-USA/Insomniac---Merchandise---Content-Marketing-Strategist_JR-85576-1,2026-08-04,New,0,"Livenation Careers"
561,Livenation,"Partnership Marketing Coordinator, Warped Tour","Calabasas, CA, USA",On-site,Unknown,,,,"Marketing Analytics",https://livenation.wd503.myworkdayjobs.com/job/Calabasas-CA-USA/Partnership-Marketing-Coordinator--Warped-Tour_JR-89797-1,2026-08-04,New,0,"Livenation Careers"
562,Livenation,"Insomniac -  Marketing Campaign Coordinator, YouTube","Calabasas, CA, USA",On-site,Unknown,,,,"Marketing Analytics",https://livenation.wd503.myworkdayjobs.com/job/Calabasas-CA-USA/Insomniac----Marketing-Campaign-Specialist--YouTube_JR-84016-4,2026-08-04,New,0,"Livenation Careers"
563,Livenation,"Seasonal Sales Coordinator","3 Locations",On-site,Unknown,,,,Other,https://livenation.wd503.myworkdayjobs.com/job/Salt-Lake-City-UT-USA/Seasonal-Sales-Coordinator_JR-88798,2026-08-04,New,0,"Livenation Careers"
564,Livenation,"Vibee - Marketing Manager","Las Vegas, NV, USA",On-site,Unknown,,,,"Marketing Analytics",https://livenation.wd503.myworkdayjobs.com/job/Las-Vegas-NV-USA/Vibee---Marketing-Manager_JR-87176-1,2026-08-04,Applied,0,"Livenation Careers"
565,Livenation,"Seasonal Marketing Coordinator","Allentown, PA, USA",On-site,Unknown,,,,"Marketing Analytics",https://livenation.wd503.myworkdayjobs.com/job/Allentown-PA-USA/Seasonal-Marketing-Coordinator_JR-75965-2,2026-08-04,New,0,"Livenation Careers"
566,Instacart,"Director, Enterprise Product Marketing","United States - Remote",Onsite,Unknown,Unknown,Marketing,Unknown,Other,https://instacart.careers/job/?gh_jid=7991597,2026-08-04,New,0,"Instacart Careers"
567,Instacart,"Eversight Senior Account Executive, Enterprise Team","United States - Remote",Onsite,Unknown,Unknown,Sales,Unknown,Sales,https://instacart.careers/job/?gh_jid=8041911,2026-08-04,New,0,"Instacart Careers"
568,Instacart,"Media Analytics Manager, Measurement & Attribution","Canada - Remote (ON, AB, BC, or NS Only)",Onsite,Unknown,Unknown,Analytics,Unknown,"Data Analytics",https://instacart.careers/job/?gh_jid=7951046,2026-08-04,New,0,"Instacart Careers"
569,Instacart,"Senior Account Executive, Eversight","United States - Remote",Onsite,Unknown,Unknown,Sales,Unknown,Sales,https://instacart.careers/job/?gh_jid=8029697,2026-08-04,New,0,"Instacart Careers"
570,Instacart,"Senior Data Analyst","Canada - Remote (ON, AB, BC, or NS Only)",Onsite,Unknown,Unknown,Analytics,Unknown,"Data Analytics",https://instacart.careers/job/?gh_jid=7783160,2026-08-04,New,0,"Instacart Careers"
571,Instacart,"Senior Revenue Operations Manager - Eversight","Canada - Remote (ON, AB, BC, or NS Only)",Onsite,Unknown,Unknown,Operations,Unknown,Operations,https://instacart.careers/job/?gh_jid=8104343,2026-08-04,New,0,"Instacart Careers"
572,Instacart,"Senior Software Engineer I — Agentic Analytics","Canada - Remote (ON, AB, BC, or NS Only)",Onsite,Unknown,Unknown,Analytics,Unknown,"Data Analytics",https://instacart.careers/job/?gh_jid=7979769,2026-08-04,New,0,"Instacart Careers"
575,Playlist,"Corporate Strategic Account Executive","United States",Onsite,Unknown,Unknown,Sales,Unknown,Sales,https://www.playlist.com/careers/opportunities/4690013006?gh_jid=4690013006,2026-08-04,New,0,"Playlist Careers"
576,Playlist,"SMB Account Executive","United States",Onsite,Unknown,Unknown,Sales,Unknown,Sales,https://www.playlist.com/careers/opportunities/4699526006?gh_jid=4699526006,2026-08-04,New,0,"Playlist Careers"
578,Databricks,"Account Executive - Federal","Australian Capital Territory, Australia",Onsite,Unknown,Unknown,Sales,Unknown,Sales,https://databricks.com/company/careers/open-positions/job?gh_jid=8441877002,2026-08-04,New,0,"Databricks Careers"
580,Databricks,"AI Engineer — GTM Analytics","United States",Onsite,Unknown,Unknown,Analytics,Unknown,"Data Analytics",https://databricks.com/company/careers/open-positions/job?gh_jid=8638847002,2026-08-04,New,0,"Databricks Careers"
582,Databricks,"Core Account Executive - Public Sector","Sydney, Australia",Onsite,Unknown,Unknown,Sales,Unknown,Sales,https://databricks.com/company/careers/open-positions/job?gh_jid=8441865002,2026-08-04,New,0,"Databricks Careers"
583,Databricks,"Director, Product Marketing, AI ","San Francisco, California",Onsite,Unknown,Unknown,Marketing,Unknown,Other,https://databricks.com/company/careers/open-positions/job?gh_jid=8487145002,2026-08-04,New,0,"Databricks Careers"
586,Databricks,"Enterprise Account Executive","Sydney, Australia",Onsite,Unknown,Unknown,Sales,Unknown,Sales,https://databricks.com/company/careers/open-positions/job?gh_jid=8644179002,2026-08-04,New,0,"Databricks Careers"
587,Databricks,"Enterprise Account Executive, Benelux","Amsterdam, Netherlands",Onsite,Unknown,Unknown,Sales,Unknown,Sales,https://databricks.com/company/careers/open-positions/job?gh_jid=8589349002,2026-08-04,New,0,"Databricks Careers"
588,Databricks,"Enterprise Account Executive, Federal Financials","Remote - Washington D.C.",Onsite,Unknown,Unknown,Sales,Unknown,Sales,https://databricks.com/company/careers/open-positions/job?gh_jid=8579388002,2026-08-04,New,0,"Databricks Careers"
589,Databricks,"Enterprise Account Executive - Financial Services","Boston, Massachusetts; New Jersey; New York City, New York",Onsite,Unknown,Unknown,Sales,Unknown,Sales,https://databricks.com/company/careers/open-positions/job?gh_jid=8610933002,2026-08-04,New,0,"Databricks Careers"
597,Databricks,"Enterprise Core Account Executive","Sydney, Australia",Onsite,Unknown,Unknown,Sales,Unknown,Sales,https://databricks.com/company/careers/open-positions/job?gh_jid=8634063002,2026-08-04,New,0,"Databricks Careers"
598,Databricks,"Enterprise Core Account Executive, Public Sector","British Columbia, Canada; Calgary, Canada",Onsite,Unknown,Unknown,Sales,Unknown,Sales,https://databricks.com/company/careers/open-positions/job?gh_jid=8582323002,2026-08-04,New,0,"Databricks Careers"
599,Databricks,"Enterprise Hunter Account Executive, Benelux ","Amsterdam, Netherlands",Onsite,Unknown,Unknown,Sales,Unknown,Sales,https://databricks.com/company/careers/open-positions/job?gh_jid=8642499002,2026-08-04,New,0,"Databricks Careers"
603,Databricks,"Frontier AI Lab Account Executive ","San Francisco, California; Seattle, Washington",Onsite,Unknown,Unknown,Sales,Unknown,Sales,https://databricks.com/company/careers/open-positions/job?gh_jid=8519282002,2026-08-04,New,0,"Databricks Careers"
604,Databricks,"Geo Core Account Executive","Northeast - United States",Onsite,Unknown,Unknown,Sales,Unknown,Sales,https://databricks.com/company/careers/open-positions/job?gh_jid=8598730002,2026-08-04,New,0,"Databricks Careers"
605,Databricks,"Geo Hunter Account Executive","Montréal, Canada",Onsite,Unknown,Unknown,Sales,Unknown,Sales,https://databricks.com/company/careers/open-positions/job?gh_jid=8633743002,2026-08-04,New,0,"Databricks Careers"
606,Databricks,"Geo Hunter Account Executive - Digital Natives","United States",Onsite,Unknown,Unknown,Sales,Unknown,Sales,https://databricks.com/company/careers/open-positions/job?gh_jid=8643053002,2026-08-04,New,0,"Databricks Careers"
608,Databricks,"Named Core Account Executive","Remote - Massachusetts; Remote - New York; United States",Onsite,Unknown,Unknown,Sales,Unknown,Sales,https://databricks.com/company/careers/open-positions/job?gh_jid=8463065002,2026-08-04,New,0,"Databricks Careers"
610,Databricks,"Named Core Account Executive-HiTech","Boston, Massachusetts; New York",Onsite,Unknown,Unknown,Sales,Unknown,Sales,https://databricks.com/company/careers/open-positions/job?gh_jid=8645720002,2026-08-04,New,0,"Databricks Careers"
612,Databricks,"Named Core Account Executive - Western Canada","Calgary, Canada",Onsite,Unknown,Unknown,Sales,Unknown,Sales,https://databricks.com/company/careers/open-positions/job?gh_jid=8610864002,2026-08-04,New,0,"Databricks Careers"
613,Databricks,"Named Enterprise Account Executive","Remote - Denmark",Onsite,Unknown,Unknown,Sales,Unknown,Sales,https://databricks.com/company/careers/open-positions/job?gh_jid=8507812002,2026-08-04,New,0,"Databricks Careers"
614,Databricks,"Named Enterprise Account Executive, Financial Services","Milan, Italy",Onsite,Unknown,Unknown,Sales,Unknown,Sales,https://databricks.com/company/careers/open-positions/job?gh_jid=8660983002,2026-08-04,New,0,"Databricks Careers"
615,Databricks,"Named Hunter Account Executive - Digital Natives","United States",Onsite,Unknown,Unknown,Sales,Unknown,Sales,https://databricks.com/company/careers/open-positions/job?gh_jid=8617101002,2026-08-04,New,0,"Databricks Careers"
616,Databricks,"Principal Product Marketing Manager, AI","San Francisco, California",Onsite,Unknown,Unknown,Marketing,Unknown,Other,https://databricks.com/company/careers/open-positions/job?gh_jid=8638644002,2026-08-04,New,0,"Databricks Careers"
617,Databricks,"Principal Product Marketing Manager, AI Governance","San Francisco, California",Onsite,Unknown,Unknown,Marketing,Unknown,Other,https://databricks.com/company/careers/open-positions/job?gh_jid=8493724002,2026-08-04,New,0,"Databricks Careers"
619,Databricks,"Sr. Manager, Compensation Analytics & Intelligence ","United States",Onsite,Unknown,Unknown,Analytics,Unknown,"Data Analytics",https://databricks.com/company/careers/open-positions/job?gh_jid=8627551002,2026-08-04,New,0,"Databricks Careers"
620,Databricks,"Sr. Product Marketing Manager, Lakewatch & Agentic Apps","Mountain View, California; New York City, New York; San Francisco, California",Onsite,Unknown,Unknown,Marketing,Unknown,Other,https://databricks.com/company/careers/open-positions/job?gh_jid=8493857002,2026-08-04,New,0,"Databricks Careers"
621,Databricks,"Startup Hunter Account Executive","Ontario, Canada",Onsite,Unknown,Unknown,Sales,Unknown,Sales,https://databricks.com/company/careers/open-positions/job?gh_jid=8643831002,2026-08-04,New,0,"Databricks Careers"
624,Databricks,"Strategic  Account Executive, Public Sector","Montréal, Canada",Onsite,Unknown,Unknown,Sales,Unknown,Sales,https://databricks.com/company/careers/open-positions/job?gh_jid=8652590002,2026-08-04,New,0,"Databricks Careers"
625,Databricks,"Strategic Account Executive-TELCO","Atlanta, Georgia; Denver, Colorado",Onsite,Unknown,Unknown,Sales,Unknown,Sales,https://databricks.com/company/careers/open-positions/job?gh_jid=8431457002,2026-08-04,New,0,"Databricks Careers"
630,Databricks,"Strategic Core Account Executive - Banking, m/f/d","Remote - Germany",Onsite,Unknown,Unknown,Sales,Unknown,Sales,https://databricks.com/company/careers/open-positions/job?gh_jid=8353248002,2026-08-04,New,0,"Databricks Careers"
631,Databricks,"Strategic Core Account Executive - CMEG - Telco ","Remote - Georgia; Remote - Texas",Onsite,Unknown,Unknown,Sales,Unknown,Sales,https://databricks.com/company/careers/open-positions/job?gh_jid=8431459002,2026-08-04,New,0,"Databricks Careers"
632,Databricks,"Strategic Core Account Executive - CPG","Remote - Virginia",Onsite,Unknown,Unknown,Sales,Unknown,Sales,https://databricks.com/company/careers/open-positions/job?gh_jid=8490858002,2026-08-04,New,0,"Databricks Careers"
633,Databricks,"Strategic Core Account Executive - Digital Native","Sydney, Australia",Onsite,Unknown,Unknown,Sales,Unknown,Sales,https://databricks.com/company/careers/open-positions/job?gh_jid=8549330002,2026-08-04,New,0,"Databricks Careers"
634,Databricks,"Strategic Core Account Executive - Financial Services","Toronto, Canada",Onsite,Unknown,Unknown,Sales,Unknown,Sales,https://databricks.com/company/careers/open-positions/job?gh_jid=8466807002,2026-08-04,New,0,"Databricks Careers"
638,Databricks,"Strategic Core Account Executive - Retail ","Remote - Ohio",Onsite,Unknown,Unknown,Sales,Unknown,Sales,https://databricks.com/company/careers/open-positions/job?gh_jid=8458710002,2026-08-04,New,0,"Databricks Careers"
640,Databricks,"Strategic Enterprise Account Executive - CMEG ","Remote - California",Onsite,Unknown,Unknown,Sales,Unknown,Sales,https://databricks.com/company/careers/open-positions/job?gh_jid=8633152002,2026-08-04,New,0,"Databricks Careers"
641,Databricks,"Strategic Enterprise Account Executive, Financial Services","Boston, Massachusetts; Remote - New York",Onsite,Unknown,Unknown,Sales,Unknown,Sales,https://databricks.com/company/careers/open-positions/job?gh_jid=8399385002,2026-08-04,New,0,"Databricks Careers"
643,Databricks,"Strategic Enterprise Account Executive, Life Sciences","Chicago, Illinois; Indiana",Onsite,Unknown,Unknown,Sales,Unknown,Sales,https://databricks.com/company/careers/open-positions/job?gh_jid=8648999002,2026-08-04,New,0,"Databricks Careers"
644,Databricks,"Strategic Enterprise Account Executive - TTH","Remote - Texas",Onsite,Unknown,Unknown,Sales,Unknown,Sales,https://databricks.com/company/careers/open-positions/job?gh_jid=7698278002,2026-08-04,New,0,"Databricks Careers"
645,Databricks,"Strategic Enterprise Hunter Account Executive, Financial Services","Boston, Massachusetts; New Jersey; New York City, New York; Remote - Texas",Onsite,Unknown,Unknown,Sales,Unknown,Sales,https://databricks.com/company/careers/open-positions/job?gh_jid=8346287002,2026-08-04,New,0,"Databricks Careers"
646,Coinbase,"Product Marketing Manager, Prediction Markets","Remote - USA",Onsite,Unknown,Unknown,Marketing,Unknown,Other,https://www.coinbase.com/careers/positions/7982771?gh_jid=7982771,2026-08-04,New,0,"Coinbase Careers"
647,Coinbase,"Product Marketing Manager, Prime & Markets","Remote - USA",Onsite,Unknown,Unknown,Marketing,Unknown,Other,https://www.coinbase.com/careers/positions/7572514?gh_jid=7572514,2026-08-04,New,0,"Coinbase Careers"
648,Coinbase,"Senior Analytics Engineer, GFCO Analytics","Remote - USA",Onsite,Unknown,Unknown,Analytics,Unknown,"Data Analytics",https://www.coinbase.com/careers/positions/8024880?gh_jid=8024880,2026-08-04,New,0,"Coinbase Careers"
649,Coinbase,"Senior Analytics Engineer (Platform - Financial Analytics)","Remote - USA",Onsite,Unknown,Unknown,Analytics,Unknown,"Data Analytics",https://www.coinbase.com/careers/positions/7736521?gh_jid=7736521,2026-08-04,New,0,"Coinbase Careers"
650,Coinbase,"Technical Program Manager, GFCO Analytics","Remote - USA",Onsite,Unknown,Unknown,Analytics,Unknown,"Data Analytics",https://www.coinbase.com/careers/positions/8024877?gh_jid=8024877,2026-08-04,New,0,"Coinbase Careers"
658,Pinterest,"Client Account Manager II, CPG Food","Chicago, IL, US",Onsite,Unknown,Unknown,Unknown,Unknown,Sales,https://www.pinterestcareers.com/jobs/?gh_jid=7832719,2026-08-04,New,0,"Pinterest Careers"
659,Pinterest,"Client Account Manager II, CPG (Nestle)","New York, NY, US",Onsite,Unknown,Unknown,Unknown,Unknown,Sales,https://www.pinterestcareers.com/jobs/?gh_jid=8085092,2026-08-04,New,0,"Pinterest Careers"
660,Pinterest,"Client Account Manager II, E-Commerce","New York, NY, US",Onsite,Unknown,Unknown,Unknown,Unknown,Sales,https://www.pinterestcareers.com/jobs/?gh_jid=7954726,2026-08-04,New,0,"Pinterest Careers"
661,Pinterest,"Client Account Manager II, Entertainment & Gaming","Los Angeles, CA, US",Onsite,Unknown,Unknown,Unknown,Unknown,Sales,https://www.pinterestcareers.com/jobs/?gh_jid=8083603,2026-08-04,New,0,"Pinterest Careers"
662,Pinterest,"Client Account Manager II, Fashion & Apparel","New York, NY, US",Onsite,Unknown,Unknown,Unknown,Unknown,Sales,https://www.pinterestcareers.com/jobs/?gh_jid=8055301,2026-08-04,New,0,"Pinterest Careers"
663,Pinterest,"Client Account Manager II (tvScientific)","New York, NY, US; Remote, US",Onsite,Unknown,Unknown,Unknown,Unknown,Sales,https://www.pinterestcareers.com/jobs/?gh_jid=8026888,2026-08-04,New,0,"Pinterest Careers"
664,Pinterest,"Client Account Manager I, Retail","Chicago, IL, US",Onsite,Unknown,Unknown,Unknown,Unknown,Sales,https://www.pinterestcareers.com/jobs/?gh_jid=7858267,2026-08-04,New,0,"Pinterest Careers"
666,Pinterest,"Lead Ads Product Marketing Manager","San Francisco, CA, US; Remote, US",Onsite,Unknown,Unknown,Marketing,Unknown,Other,https://www.pinterestcareers.com/jobs/?gh_jid=8027260,2026-08-04,New,0,"Pinterest Careers"
668,Pinterest,"Lead Client Account Manager, Financial Services","New York, New York, US",Onsite,Unknown,Unknown,Unknown,Unknown,Sales,https://www.pinterestcareers.com/jobs/?gh_jid=8023412,2026-08-04,New,0,"Pinterest Careers"
669,Pinterest,"Lead Client Account Manager, Mid-Market","Chicago, IL, US",Onsite,Unknown,Unknown,Unknown,Unknown,Sales,https://www.pinterestcareers.com/jobs/?gh_jid=7903948,2026-08-04,New,0,"Pinterest Careers"
671,Pinterest,"Sr Client Account Manager, Amazon","New York, NY, US",Onsite,Unknown,Unknown,Unknown,Unknown,Sales,https://www.pinterestcareers.com/jobs/?gh_jid=7678040,2026-08-04,New,0,"Pinterest Careers"
673,Pinterest,"Sr. Client Account Manager, E-Commerce","New York, NY, US",Onsite,Unknown,Unknown,Unknown,Unknown,Sales,https://www.pinterestcareers.com/jobs/?gh_jid=7678180,2026-08-04,New,0,"Pinterest Careers"
676,Pinterest,"Sr. Client Account Manager, Financial Services","Chicago, IL, US",Onsite,Unknown,Unknown,Unknown,Unknown,Sales,https://www.pinterestcareers.com/jobs/?gh_jid=7656243,2026-08-04,New,0,"Pinterest Careers"
679,Pinterest,"Sr. Client Account Manager, Mid-Market","Chicago, IL, US",Onsite,Unknown,Unknown,Unknown,Unknown,Sales,https://www.pinterestcareers.com/jobs/?gh_jid=7903944,2026-08-04,New,0,"Pinterest Careers"
682,Pinterest,"Sr. Client Account Manager, Pharma","New York, NY, US",Onsite,Unknown,Unknown,Unknown,Unknown,Sales,https://www.pinterestcareers.com/jobs/?gh_jid=7940391,2026-08-04,New,0,"Pinterest Careers"
684,Pinterest,"Sr. Client Account Manager, Tech","New York, NY, US",Onsite,Unknown,Unknown,Unknown,Unknown,Sales,https://www.pinterestcareers.com/jobs/?gh_jid=8054838,2026-08-04,New,0,"Pinterest Careers"
685,Pinterest,"Sr. Data Analyst","Los Angeles, CA, US; Remote, CA, US",Onsite,Unknown,Unknown,Analytics,Unknown,"Data Analytics",https://www.pinterestcareers.com/jobs/?gh_jid=7988897,2026-08-04,New,0,"Pinterest Careers"
686,Livenation,"LN Media & Sponsorship || Technical Program Manager","Hollywood, CA, USA",Onsite,Unknown,Unknown,Unknown,Unknown,Other,https://livenation.wd503.myworkdayjobs.com/job/Hollywood-CA-USA/LN-Media---Sponsorship----Engineering-Manager_JR-87012,2026-08-04,New,0,"Livenation Careers"
687,Livenation,"Insomniac Events - Project Manager, Visual Communications","Las Vegas, NV, USA",Onsite,Unknown,Unknown,Unknown,Unknown,Other,https://livenation.wd503.myworkdayjobs.com/job/Las-Vegas-NV-USA/Insomniac-Events---Project-Manager--Visual-Communications_JR-91434-1,2026-08-04,New,0,"Livenation Careers"
688,Livenation,"LN Concerts, Sponsor Project Manager","2 Locations",Onsite,Unknown,Unknown,Unknown,Unknown,Other,https://livenation.wd503.myworkdayjobs.com/job/Work-From-Home---New-York---New-York-City/LN-Concerts--Sponsor-Project-Manager_JR-91316,2026-08-04,New,0,"Livenation Careers"
689,Livenation,"Insomniac - Project Manager, Elevated Experiences","2 Locations",Onsite,Unknown,Unknown,Unknown,Unknown,Other,https://livenation.wd503.myworkdayjobs.com/job/Calabasas-CA-USA/Insomniac---Project-Manager--Elevated-Experiences_JR-90015-1,2026-08-04,New,0,"Livenation Careers"
690,Livenation,"Vibee - Seasonal Project Manager","Las Vegas, NV, USA",Onsite,Unknown,Unknown,Unknown,Unknown,Other,https://livenation.wd503.myworkdayjobs.com/job/Las-Vegas-NV-USA/Vibee---Seasonal-Project-Manager_JR-86715-1,2026-08-04,New,0,"Livenation Careers"
691,Livenation,"Insomniac - Project Manager, Site Production","Calabasas, CA, USA",Onsite,Unknown,Unknown,Unknown,Unknown,Other,https://livenation.wd503.myworkdayjobs.com/job/Calabasas-CA-USA/Insomniac---Project-Manager--Stage-Production_JR-80960-1,2026-08-04,New,0,"Livenation Careers"
692,Livenation,"LN Concerts, Touring Project Manager","Beverly Hills, CA, USA",Onsite,Unknown,Unknown,Unknown,Unknown,Other,https://livenation.wd503.myworkdayjobs.com/job/Beverly-Hills-CA-USA/LN-Concerts--Project-Manager_JR-84846,2026-08-04,New,0,"Livenation Careers"
693,Livenation,"Insomniac - Seasonal F&B Project Manager","6 Locations",Onsite,Unknown,Unknown,Unknown,Unknown,Other,https://livenation.wd503.myworkdayjobs.com/job/Los-Angeles-CA-USA/Insomniac---Seasonal-F-B-Project-Manager_JR-82531-3,2026-08-04,New,0,"Livenation Careers"
694,Pinterest,"Sr. Client Account Manager, Home Retail","San Francisco, CA, US",Onsite,Unknown,Unknown,Unknown,Unknown,Sales,https://www.pinterestcareers.com/jobs/?gh_jid=8081505,2026-08-04,New,0,"Pinterest Careers"
695,UFC,"Email Marketing Manager","Las Vegas, NV - UFC Headquarters",Onsite,Unknown,Unknown,Marketing,Unknown,Other,https://wwecorp.wd5.myworkdayjobs.com/job/Las-Vegas-NV---UFC-Headquarters/Email-Marketing-Manager_R0007964,2026-08-04,New,0,"UFC Careers"
696,"Legends Global","Exhibitor Sales & Marketing Manager","San Francisco, CA",Onsite,Unknown,Unknown,Marketing,Unknown,Other,https://asmglobal.wd1.myworkdayjobs.com/job/San-Francisco-CA/Exhibitor-Sales---Marketing-Manager_R100123042-1,2026-08-04,New,0,"Legends Global Careers"
697,"Legends Global","Outside Operations Manager","Houston, TX",Onsite,Unknown,Unknown,Operations,Unknown,Operations,https://asmglobal.wd1.myworkdayjobs.com/job/Houston-TX/Outside-Operations-Manager_R100123004,2026-08-04,New,0,"Legends Global Careers"
698,"Legends Global","Account Executive, Group Sales (SoFi Stadium)","Inglewood, CA",Onsite,Unknown,Unknown,Sales,Unknown,Sales,https://asmglobal.wd1.myworkdayjobs.com/job/Inglewood-CA/Account-Executive--Group-Sales--SoFi-Stadium-_R100124363,2026-08-04,New,0,"Legends Global Careers"
699,"Legends Global","Assistant Event Operations Manager","Stockton, CA",Onsite,Unknown,Unknown,Operations,Unknown,Operations,https://asmglobal.wd1.myworkdayjobs.com/job/Stockton-CA/Assistant-Event-Operations-Manager_R100124322,2026-08-04,New,0,"Legends Global Careers"
700,"Legends Global","Operations Manager","Lansing, MI",Onsite,Unknown,Unknown,Operations,Unknown,Operations,https://asmglobal.wd1.myworkdayjobs.com/job/Lansing-MI/Operations-Manager_R100124177,2026-08-04,New,0,"Legends Global Careers"
701,"Legends Global","Marketing Manager","Stockton, CA",Onsite,Unknown,Unknown,Marketing,Unknown,Other,https://asmglobal.wd1.myworkdayjobs.com/job/Stockton-CA/Marketing-Manager_R100123373,2026-08-04,New,0,"Legends Global Careers"
702,"Legends Global","Senior Project Manager | Legends Global Owner's Representation","4 Locations",Onsite,Unknown,Unknown,Unknown,Unknown,Other,https://asmglobal.wd1.myworkdayjobs.com/job/Dallas-TX/Senior-Project-Manager---Legends-Global-Owner-s-Representation_R100123327,2026-08-04,New,0,"Legends Global Careers"
703,"Legends Global","Project Manager | Legends Global Owner's Representation","4 Locations",Onsite,Unknown,Unknown,Unknown,Unknown,Other,https://asmglobal.wd1.myworkdayjobs.com/job/Dallas-TX/Project-Manager---Legends-Global-Owner-s-Representation_R100123332,2026-08-04,New,0,"Legends Global Careers"
704,"Legends Global","Booking & Marketing Manager (E)","Oakland, CA",Onsite,Unknown,Unknown,Marketing,Unknown,Other,https://asmglobal.wd1.myworkdayjobs.com/job/Oakland-CA/Booking---Marketing-Manager--E-_R100123276,2026-08-04,New,0,"Legends Global Careers"
705,"Legends Global","Facility Operations Manager - Raising Caine's River Center","Baton Rouge, LA",Onsite,Unknown,Unknown,Operations,Unknown,Operations,https://asmglobal.wd1.myworkdayjobs.com/job/Baton-Rouge-LA/Facility-Operations-Manager---Raising-Caine-s-River-Center_R100117806,2026-08-04,New,0,"Legends Global Careers"
706,Livenation,"LN Concerts, SVP of Business Development","Weehawken, NJ, USA",Onsite,Unknown,Unknown,Sales,Unknown,Sales,https://livenation.wd503.myworkdayjobs.com/job/Weehawken-NJ-USA/LN-Concerts--SVP-of-Business-Development_JR-90846,2026-08-04,New,0,"Livenation Careers"
707,Livenation,"Emo Nite - Director, Business Development","Calabasas, CA, USA",Onsite,Unknown,Unknown,Sales,Unknown,Sales,https://livenation.wd503.myworkdayjobs.com/job/Calabasas-CA-USA/Emo-Nite---Director--Business-Development_JR-88514-1,2026-08-04,New,0,"Livenation Careers"
708,Instacart,"Ads AI Analytics Lead II","Canada - Remote (ON, AB, BC, or NS Only)",Onsite,Unknown,Unknown,Analytics,Unknown,"Data Analytics",https://instacart.careers/job/?gh_jid=7658241,2026-08-04,New,0,"Instacart Careers"
709,Coinbase,"Senior Data Scientist, CX Analytics","Remote - USA",Onsite,Unknown,Unknown,Analytics,Unknown,"Data Analytics",https://www.coinbase.com/careers/positions/8009392?gh_jid=8009392,2026-08-04,New,0,"Coinbase Careers"
710,Livenation,"Sr. Analyst, Strategic Initiatives","Beverly Hills, CA, USA",Onsite,Unknown,Unknown,Analytics,Unknown,Other,https://livenation.wd503.myworkdayjobs.com/job/Beverly-Hills-CA-USA/Sr-Analyst--Strategic-Initiatives_JR-85417,2026-08-04,New,0,"Livenation Careers"
711,Livenation,"LN Media & Sponsorship || Brand Associate, FinTech","New York, NY, USA",Onsite,Unknown,Unknown,Unknown,Unknown,Other,https://livenation.wd503.myworkdayjobs.com/job/New-York-NY-USA/LN-Media---Sponsorship----Brand-Associate--FinTech_JR-90435,2026-08-04,New,0,"Livenation Careers"
712,Livenation,"LN Media & Sponsorship || Brand Associate, Financial Services","New York, NY, USA",Onsite,Unknown,Unknown,Unknown,Unknown,Other,https://livenation.wd503.myworkdayjobs.com/job/New-York-NY-USA/LN-Media---Sponsorship----Brand-Associate--Financial-Services_JR-90430,2026-08-04,New,0,"Livenation Careers"
713,Livenation,"Las Vegas Grand Prix 2026 - Event Retail Associates/Cashier","Las Vegas, NV, USA",Onsite,Unknown,Unknown,Unknown,Unknown,Other,https://livenation.wd503.myworkdayjobs.com/job/Las-Vegas-NV-USA/Las-Vegas-Grand-Prix-2026---Event-Retail-Associates-Cashier_JR-91685-1,2026-08-04,New,0,"Livenation Careers"
714,Livenation,"C3 Presents - Associate Manager Food & Beverage","Austin, TX, USA",Onsite,Unknown,Unknown,Unknown,Unknown,Other,https://livenation.wd503.myworkdayjobs.com/job/Austin-TX-USA/C3-Presents---Associate-Manager-Food---Beverage_JR-91254,2026-08-04,New,0,"Livenation Careers"
715,Livenation,"LN Venues, Associate Counsel, Food and Beverage","Beverly Hills, CA, USA",Onsite,Unknown,Unknown,Unknown,Unknown,Other,https://livenation.wd503.myworkdayjobs.com/job/Beverly-Hills-CA-USA/LN-Venues--Junior-Food-and-Beverage-Attorney_JR-87580-2,2026-08-04,New,0,"Livenation Careers"
716,Livenation,"Dani-lee Landa Legacy Award, College Associate","New York, NY, USA",Onsite,Unknown,Unknown,Unknown,Unknown,Other,https://livenation.wd503.myworkdayjobs.com/job/New-York-NY-USA/Dani-lee-Landa-Legacy-Award--College-Associate_JR-88527-1,2026-08-04,New,0,"Livenation Careers"
717,Livenation,"Retail Associate","Las Vegas, NV, USA",Onsite,Unknown,Unknown,Unknown,Unknown,Other,https://livenation.wd503.myworkdayjobs.com/job/Las-Vegas-NV-USA/Retail-Associate_JR-87344,2026-08-04,New,0,"Livenation Careers"
718,"Legends Global","Transportation Control Analyst (Entry Level)","Houston, TX",Onsite,Unknown,Unknown,Analytics,Unknown,Other,https://asmglobal.wd1.myworkdayjobs.com/job/Houston-TX/Transportation-Control-Analyst--Entry-Level-_R100122599,2026-08-04,New,0,"Legends Global Careers"
719,"Legends Global","Merchandise Associate - NHRA Sonoma Nationals - Sonoma CA","Sonoma, CA",Onsite,Unknown,Unknown,Unknown,Unknown,Other,https://asmglobal.wd1.myworkdayjobs.com/job/Sonoma-CA/Merchandise-Associate---NHRA-Sonoma-Nationals---Sonoma-CA_R100124310,2026-08-04,New,0,"Legends Global Careers"
720,"Legends Global","Merchandise Sales Associate","Dallas, TX",Onsite,Unknown,Unknown,Sales,Unknown,Other,https://asmglobal.wd1.myworkdayjobs.com/job/Dallas-TX/Merchandise-Sales-Associate_R100124289,2026-08-04,New,0,"Legends Global Careers"
721,"Legends Global","Warehouse Merchandise Associate","Dallas, TX",Onsite,Unknown,Unknown,Unknown,Unknown,Other,https://asmglobal.wd1.myworkdayjobs.com/job/Dallas-TX/Warehouse-Merchandise-Associate_R100124295,2026-08-04,New,0,"Legends Global Careers"
722,"Legends Global","Merchandise Associate at AT&T Stadium","Dallas Cowboys",Onsite,Unknown,Unknown,Unknown,Unknown,Other,https://asmglobal.wd1.myworkdayjobs.com/job/Dallas-Cowboys/Merchandise-Associate-at-AT-T-Stadium_R100123019,2026-08-04,New,0,"Legends Global Careers"
723,"Legends Global","Associate, Partnership Strategy","Chicago, IL",Onsite,Unknown,Unknown,Unknown,Unknown,Other,https://asmglobal.wd1.myworkdayjobs.com/job/Chicago-IL/Associate--Partnership-Strategy_R100122378-1,2026-08-04,New,0,"Legends Global Careers"
724,"Legends Global","Warehouse Associate at AT&T Stadium","Dallas Cowboys",Onsite,Unknown,Unknown,Unknown,Unknown,Other,https://asmglobal.wd1.myworkdayjobs.com/job/Dallas-Cowboys/Warehouse-Associate-at-AT-T-Stadium_R100124104,2026-08-04,New,0,"Legends Global Careers"
725,"Legends Global","Accounting Associate - Long Beach Amphitheater","Long Beach, CA",Onsite,Unknown,Unknown,Unknown,Unknown,Other,https://asmglobal.wd1.myworkdayjobs.com/job/Long-Beach-CA/Accounting-Associate---Long-Beach-Amphitheater_R100124040,2026-08-04,New,0,"Legends Global Careers"
726,"Legends Global","Warehouse Associate","2 Locations",Onsite,Unknown,Unknown,Unknown,Unknown,Other,https://asmglobal.wd1.myworkdayjobs.com/job/Paramount-Theatre---CO/Warehouse-Associate_R100123957,2026-08-04,New,0,"Legends Global Careers"
727,"Legends Global","Client Services Associate | Vegas A's","Las Vegas, NV",Onsite,Unknown,Unknown,Unknown,Unknown,Other,https://asmglobal.wd1.myworkdayjobs.com/job/Las-Vegas-NV/Client-Services-Associate---Vegas-A-s_R100123991,2026-08-04,New,0,"Legends Global Careers"
728,"Legends Global","Merchandise Associate- Oklahoma Thunder","Oklahoma City Thunder",Onsite,Unknown,Unknown,Unknown,Unknown,Other,https://asmglobal.wd1.myworkdayjobs.com/job/Oklahoma-City-Thunder/Merchandise-Associate--Oklahoma-Thunder_R100123879,2026-08-04,New,0,"Legends Global Careers"
729,"Legends Global","Merchandise Associate- Caesars Entertainment Venues","Las Vegas, NV",Onsite,Unknown,Unknown,Unknown,Unknown,Other,https://asmglobal.wd1.myworkdayjobs.com/job/Las-Vegas-NV/Merchandise-Associate--Caesars-Entertainment-Venues_R100123876,2026-08-04,New,0,"Legends Global Careers"
730,"Legends Global","Merchandise Associate- NCAA Hall of Champions","2 Locations",Onsite,Unknown,Unknown,Unknown,Unknown,Other,https://asmglobal.wd1.myworkdayjobs.com/job/Legends-MainGate/Merchandise-Associate--NCAA-Hall-of-Champions_R100123874,2026-08-04,New,0,"Legends Global Careers"
731,"Legends Global","Merchandise Associate - College Football Hall of Fame","Atlanta, GA",Onsite,Unknown,Unknown,Unknown,Unknown,Other,https://asmglobal.wd1.myworkdayjobs.com/job/Atlanta-GA/Merchandise-Associate---College-Football-Hall-of-Fame_R100123873-1,2026-08-04,New,0,"Legends Global Careers"
732,"Legends Global","Merchandise Associate - Indiana University Team Store","2 Locations",Onsite,Unknown,Unknown,Unknown,Unknown,Other,https://asmglobal.wd1.myworkdayjobs.com/job/Legends-MainGate/Merchandise-Associate---Indiana-University-Team-Store_R100123870,2026-08-04,New,0,"Legends Global Careers"
733,"Legends Global","Merchandise Associate - University of Miami","2 Locations",Onsite,Unknown,Unknown,Unknown,Unknown,Other,https://asmglobal.wd1.myworkdayjobs.com/job/Legends-MainGate/Merchandise-Associate---University-of-Miami_R100123869,2026-08-04,New,0,"Legends Global Careers"
734,"Legends Global","Merchandise Associate - Ohio State Team Shop- Schottenstein Center","Columbus, OH",Onsite,Unknown,Unknown,Unknown,Unknown,Other,https://asmglobal.wd1.myworkdayjobs.com/job/Columbus-OH/Merchandise-Associate---Ohio-State-Team-Shop--Schottenstein-Center_R100123868,2026-08-04,New,0,"Legends Global Careers"
735,"Legends Global","Merchandise Associate - Ohio State Team Shop- 15th and High","Columbus, OH",Onsite,Unknown,Unknown,Unknown,Unknown,Other,https://asmglobal.wd1.myworkdayjobs.com/job/Columbus-OH/Merchandise-Associate---Ohio-State-Team-Shop--15th-and-High_R100123867,2026-08-04,New,0,"Legends Global Careers"
736,"Legends Global","Seasonal Merchandise Associate- State Fair of Texas","Dallas, TX",Onsite,Unknown,Unknown,Unknown,Unknown,Other,https://asmglobal.wd1.myworkdayjobs.com/job/Dallas-TX/Seasonal-Merchandise-Associate--State-Fair-of-Texas_R100123760,2026-08-04,New,0,"Legends Global Careers"
737,"Legends Global","Warehouse Associate - Glen Helen Amp.","San Bernardino, CA",Onsite,Unknown,Unknown,Unknown,Unknown,Other,https://asmglobal.wd1.myworkdayjobs.com/job/San-Bernardino-CA/Warehouse-Associate---Glen-Helen-Amp_R100123631,2026-08-04,New,0,"Legends Global Careers"
738,"Legends Global","Merchandise Associate- College","Lawrence, KS",Onsite,Unknown,Unknown,Unknown,Unknown,Other,https://asmglobal.wd1.myworkdayjobs.com/job/Lawrence-KS/Merchandise-Associate--College_R100122947,2026-08-04,New,0,"Legends Global Careers"
739,"Legends Global","Warehouse Associate - RBC Amphitheater","Toronto, ON, Canada",Onsite,Unknown,Unknown,Unknown,Unknown,Other,https://asmglobal.wd1.myworkdayjobs.com/job/Toronto-ON-Canada/Warehouse-Associate---RBC-Amphitheater_R100121152,2026-08-04,New,0,"Legends Global Careers"
740,"Legends Global","Warehouse Associate (Fair Park)","Dallas, TX",Onsite,Unknown,Unknown,Unknown,Unknown,Other,https://asmglobal.wd1.myworkdayjobs.com/job/Dallas-TX/Warehouse-Associate--Fair-Park-_R100122629,2026-08-04,New,0,"Legends Global Careers"
741,"Legends Global","Merchandise Associate - Bay FC","2 Locations",Onsite,Unknown,Unknown,Unknown,Unknown,Other,https://asmglobal.wd1.myworkdayjobs.com/job/Legends-MainGate/Merchandise-Associate---Bay-FC_R100116183-1,2026-08-04,New,0,"Legends Global Careers"
742,"Legends Global","Summer Associate, Enterprise AI & Insights (8–10 Week Program)","2 Locations",Onsite,Unknown,Unknown,Unknown,Unknown,Other,https://asmglobal.wd1.myworkdayjobs.com/job/Frisco-TX/Summer-Associate--Enterprise-AI---Insights--8-10-Week-Program-_R100119581,2026-08-04,New,0,"Legends Global Careers"
743,"Legends Global","Merchandise Warehouse Associate (LMWHS)","Dallas Cowboys",Onsite,Unknown,Unknown,Unknown,Unknown,Other,https://asmglobal.wd1.myworkdayjobs.com/job/Dallas-Cowboys/Merchandise-Warehouse-Associate--LMWHS-_R100121860,2026-08-04,New,0,"Legends Global Careers"
744,"Legends Global","Seasonal Merchandise Associate- Cincinnati Open 2026","2 Locations",Onsite,Unknown,Unknown,Unknown,Unknown,Other,https://asmglobal.wd1.myworkdayjobs.com/job/Legends-MainGate/Seasonal-Merchandise-Associate--Cincinnati-Open-2026_R100121514,2026-08-04,New,0,"Legends Global Careers"
745,"Legends Global","Warehouse Associate - Toyota Pavilion at Concord","Concord, CA",Onsite,Unknown,Unknown,Unknown,Unknown,Other,https://asmglobal.wd1.myworkdayjobs.com/job/Concord-CA/Warehouse-Associate---Toyota-Pavilion-at-Concord_R100121352,2026-08-04,New,0,"Legends Global Careers"
746,"Legends Global","Warehouse Associate - Huntington Bank Pavilion","Chicago, IL",Onsite,Unknown,Unknown,Unknown,Unknown,Other,https://asmglobal.wd1.myworkdayjobs.com/job/Chicago-IL/Warehouse-Associate---Huntington-Bank-Pavilion_R100121020,2026-08-04,New,0,"Legends Global Careers"
747,"Legends Global","Warehouse Associate - Xfinity Center","Mansfield, MA",Onsite,Unknown,Unknown,Unknown,Unknown,Other,https://asmglobal.wd1.myworkdayjobs.com/job/Mansfield-MA/Warehouse-Associate---Xfinity-Center_R100119977,2026-08-04,New,0,"Legends Global Careers"
748,"Legends Global","Warehouse Associate - North Island Credit Union Amphitheater","Chula Vista, CA",Onsite,Unknown,Unknown,Unknown,Unknown,Other,https://asmglobal.wd1.myworkdayjobs.com/job/Chula-Vista-CA/Warehouse-Associate---North-Island-Credit-Union-Amphitheater_R100119469,2026-08-04,New,0,"Legends Global Careers"
749,"Legends Global","Warehouse Associate - Toyota Amphitheatre","Wheatland, CA",Onsite,Unknown,Unknown,Unknown,Unknown,Other,https://asmglobal.wd1.myworkdayjobs.com/job/Wheatland-CA/Warehouse-Associate---Toyota-Amphitheatre_R100119808,2026-08-04,New,0,"Legends Global Careers"
750,"Legends Global","Warehouse Associate - Dos Equis Pavilion","Dallas, TX",Onsite,Unknown,Unknown,Unknown,Unknown,Other,https://asmglobal.wd1.myworkdayjobs.com/job/Dallas-TX/Warehouse-Associate---Dos-Equis-Pavilion_R100119692,2026-08-04,New,0,"Legends Global Careers"
751,"Legends Global","Warehouse Associate - Freedom Mortgage Pavilion","Camden, NJ",Onsite,Unknown,Unknown,Unknown,Unknown,Other,https://asmglobal.wd1.myworkdayjobs.com/job/Camden-NJ/Warehouse-Associate---Freedom-Mortgage-Pavilion_R100119640,2026-08-04,New,0,"Legends Global Careers"
752,"Legends Global","Warehouse Associate - The Mann Center","Philadelphia, PA",Onsite,Unknown,Unknown,Unknown,Unknown,Other,https://asmglobal.wd1.myworkdayjobs.com/job/Philadelphia-PA/Warehouse-Associate---The-Mann-Center_R100119395,2026-08-04,New,0,"Legends Global Careers"
753,"Legends Global","Merchandise Associate- Nascar- Daytona 500","2 Locations",Onsite,Unknown,Unknown,Unknown,Unknown,Other,https://asmglobal.wd1.myworkdayjobs.com/job/Legends-MainGate/Merchandise-Associate--Nascar--Daytona-500_R100119303,2026-08-04,New,0,"Legends Global Careers"
754,"Legends Global","Warehouse Associate - Lakewood Amphitheater","Atlanta, GA",Onsite,Unknown,Unknown,Unknown,Unknown,Other,https://asmglobal.wd1.myworkdayjobs.com/job/Atlanta-GA/Warehouse-Associate---Lakewood-Amphitheater_R100119262-1,2026-08-04,New,0,"Legends Global Careers"
755,"Legends Global","Merchandise Associate - Georgia Tech Game Day Staff","2 Locations",Onsite,Unknown,Unknown,Unknown,Unknown,Other,https://asmglobal.wd1.myworkdayjobs.com/job/Legends-MainGate/Merchandise-Associate---Georgia-Tech-Game-Day-Staff_R100116171,2026-08-04,New,0,"Legends Global Careers"
756,Nerdwallet,"Senior Financial Analyst I","NerdWallet US",Onsite,Unknown,Unknown,Analytics,Unknown,Other,https://jobs.ashbyhq.com/nerdwallet/304a64f0-f6f8-4935-94e8-fc1a7b1f8f25,2026-08-05,New,0,"Nerdwallet Careers"
757,Nerdwallet,"Business Development Associate","NerdWallet US",Onsite,Unknown,Unknown,Sales,Unknown,Sales,https://jobs.ashbyhq.com/nerdwallet/77fa3b91-58b0-4e45-b17f-911a1427db21,2026-08-05,New,0,"Nerdwallet Careers"
758,Nerdwallet,"Mid-Market Account Executive","NerdWallet US",Onsite,Unknown,Unknown,Sales,Unknown,Sales,https://jobs.ashbyhq.com/nerdwallet/b661847e-b715-4b40-ac3e-18c980f89534,2026-08-05,New,0,"Nerdwallet Careers"
759,Nerdwallet,"Senior Account Executive - NerdWallet Small Business","NerdWallet Small Business Arizona",Onsite,Unknown,Unknown,Sales,Unknown,Sales,https://jobs.ashbyhq.com/nerdwallet/6a51d654-510c-48a2-8aaf-23a0e1b2f9ef,2026-08-05,New,0,"Nerdwallet Careers"
760,Nerdwallet,"Account Executive - NerdWallet Small Business","NerdWallet Small Business Arizona",Onsite,Unknown,Unknown,Sales,Unknown,Sales,https://jobs.ashbyhq.com/nerdwallet/6928be48-8d91-42b1-a2cd-9b3d0f635e60,2026-08-05,New,0,"Nerdwallet Careers"
761,Nerdwallet,"Senior Performance Marketing Manager, SMB","NerdWallet US",Onsite,Unknown,Unknown,Marketing,Unknown,Other,https://jobs.ashbyhq.com/nerdwallet/4e792dd7-3f5e-45d8-ad21-b7ec777f8c5b,2026-08-05,New,0,"Nerdwallet Careers"
762,Stripe,"Account Executive, Platforms (Hunter) ","US-Remote ",Onsite,Unknown,Unknown,Sales,Unknown,Sales,https://stripe.com/jobs/search?gh_jid=7298935,2026-08-05,New,0,"Stripe Careers"
763,Livenation,"LN Media & Sponsorship || Regional Sales Analyst","New York, NY, USA",Onsite,Unknown,Unknown,Sales,Unknown,Other,https://livenation.wd503.myworkdayjobs.com/job/New-York-NY-USA/LN-Media---Sponsorship----Regional-Sales-Analyst_JR-92204,2026-08-05,New,0,"Livenation Careers"
764,Livenation,"Box Office Ticket Seller - Paradise Rock Club","Boston, MA, USA",Onsite,Unknown,Unknown,Unknown,Unknown,Other,https://livenation.wd503.myworkdayjobs.com/job/Boston-MA-USA/Box-Office-Ticket-Seller---Paradise-Rock-Club_JR-91252-2,2026-08-05,New,0,"Livenation Careers"
765,Livenation,"LN Venues, Venue Membership Seller - Vinyl Room (HOB Las Vegas)","Las Vegas, NV, USA",Onsite,Unknown,Unknown,Unknown,Unknown,Other,https://livenation.wd503.myworkdayjobs.com/job/Las-Vegas-NV-USA/LN-Venues--Venue-Membership-Seller---Vinyl-Room--HOB-Las-Vegas-_JR-91926-1,2026-08-05,New,0,"Livenation Careers"
766,Livenation,"Merchandise Seller- Citizens Live at The Wylie","Pittsburgh, PA, USA",Onsite,Unknown,Unknown,Unknown,Unknown,Other,https://livenation.wd503.myworkdayjobs.com/job/Pittsburgh-PA-USA/Merchandise-Seller--Citizens-Live-at-The-Wylie_JR-91996,2026-08-05,New,0,"Livenation Careers"
767,Livenation,"BOX OFFICE SELLER","Riverside, CA, USA",Onsite,Unknown,Unknown,Unknown,Unknown,Other,https://livenation.wd503.myworkdayjobs.com/job/Riverside-CA-USA/BOX-OFFICE-SELLER_JR-91567,2026-08-05,New,0,"Livenation Careers"
768,Livenation,"Ticket Seller- Satellite Music Hall","Memphis, TN, USA",Onsite,Unknown,Unknown,Unknown,Unknown,Other,https://livenation.wd503.myworkdayjobs.com/job/Memphis-TN-USA/Ticket-Seller--Satellite-Music-Hall_JR-91335,2026-08-05,New,0,"Livenation Careers"
769,Livenation,"Box Office Ticket Seller-Punch Line Sacramento","Sacramento, CA, USA",Onsite,Unknown,Unknown,Unknown,Unknown,Other,https://livenation.wd503.myworkdayjobs.com/job/Sacramento-CA-USA/Box-Office-Ticket-Seller-Punch-Line-Sacramento_JR-90367-2,2026-08-05,New,0,"Livenation Careers"
770,Livenation,"Merch Seller - Shoreline Amphitheatre (Seasonal 2026)","Mountain View, CA, USA",Onsite,Unknown,Unknown,Unknown,Unknown,Other,https://livenation.wd503.myworkdayjobs.com/job/Mountain-View-CA-USA/Merch-Seller---Shoreline-Amphitheatre--Seasonal-2026-_JR-90062,2026-08-05,New,0,"Livenation Careers"
771,Livenation,"Merchandise Seller - Talking Stick Resort Amp","Phoenix, AZ, USA",Onsite,Unknown,Unknown,Unknown,Unknown,Other,https://livenation.wd503.myworkdayjobs.com/job/Phoenix-AZ-USA/Merchandise-Seller---Talking-Stick-Resort-Amp_JR-89986,2026-08-05,New,0,"Livenation Careers"
772,Livenation,"Ticket Seller - Uptown Theater (Minneapolis)","Minneapolis, MN, USA",Onsite,Unknown,Unknown,Unknown,Unknown,Other,https://livenation.wd503.myworkdayjobs.com/job/Minneapolis-MN-USA/Ticket-Seller---Uptown-Theater--Minneapolis-_JR-89367,2026-08-05,New,0,"Livenation Careers"
773,Livenation,"Event Merchandise Seller- Coca-Cola Amphitheater","Birmingham, AL, USA",Onsite,Unknown,Unknown,Unknown,Unknown,Other,https://livenation.wd503.myworkdayjobs.com/job/Birmingham-AL-USA/Event-Merchandise-Seller--Coca-Cola-Amphitheater_JR-89092,2026-08-05,New,0,"Livenation Careers"
774,Livenation,"Merchandise Seller- The Gorge Ampthitheatre","George, WA, USA",Onsite,Unknown,Unknown,Unknown,Unknown,Other,https://livenation.wd503.myworkdayjobs.com/job/George-WA-USA/Merchandise-Seller--The-Gorge-Ampthitheatre_JR-89068,2026-08-05,New,0,"Livenation Careers"
775,Livenation,"Merchandise Seller - Toyota Pavilion at Concord - Part Time","Concord, CA, USA",Onsite,Unknown,Unknown,Unknown,Unknown,Other,https://livenation.wd503.myworkdayjobs.com/job/Concord-CA-USA/Merchandise-Seller---Toyota-Pavilion-at-Concord---Part-Time_JR-88276,2026-08-05,New,0,"Livenation Careers"
776,Livenation,"Merchandise Seller","Scranton, PA, USA",Onsite,Unknown,Unknown,Unknown,Unknown,Other,https://livenation.wd503.myworkdayjobs.com/job/Scranton-PA-USA/Merchandise-Seller_JR-87963,2026-08-05,New,0,"Livenation Careers"
777,Livenation,"Box Office Ticket Seller - Morton Amphitheater","Riverside, MO, USA",Onsite,Unknown,Unknown,Unknown,Unknown,Other,https://livenation.wd503.myworkdayjobs.com/job/Riverside-MO-USA/Box-Office-Ticket-Seller_JR-87215,2026-08-05,New,0,"Livenation Careers"
778,Livenation,"Venue Merch Seller","Wheatland, CA, USA",Onsite,Unknown,Unknown,Unknown,Unknown,Other,https://livenation.wd503.myworkdayjobs.com/job/Wheatland-CA-USA/Venue-Merch-Seller_JR-87747-3,2026-08-05,New,0,"Livenation Careers"
779,Livenation,"Venue Merchandise Seller - Part time","Atlanta, GA, USA",Onsite,Unknown,Unknown,Unknown,Unknown,Other,https://livenation.wd503.myworkdayjobs.com/job/Atlanta-GA-USA/Venue-Merchandise-Seller---Part-time_JR-87441-2,2026-08-05,New,0,"Livenation Careers"
780,Livenation,"Merch Seller - MIDFLORIDA Credit Union Amphitheatre","Tampa, FL, USA",Onsite,Unknown,Unknown,Unknown,Unknown,Other,https://livenation.wd503.myworkdayjobs.com/job/Tampa-FL-USA/Merch-Seller---MIDFLORIDA-Credit-Union-Amphitheatre_JR-87179,2026-08-05,New,0,"Livenation Careers"
781,Livenation,"Live Nation Albuquerque - Merch Seller","Albuquerque, NM, USA",Onsite,Unknown,Unknown,Unknown,Unknown,Other,https://livenation.wd503.myworkdayjobs.com/job/Albuquerque-NM-USA/Live-Nation-Albuquerque---Merch-Seller_JR-87117-2,2026-08-05,New,0,"Livenation Careers"
782,Livenation,"Box Office-Sellers- The Bell House","New York, NY, USA",Onsite,Unknown,Unknown,Unknown,Unknown,Other,https://livenation.wd503.myworkdayjobs.com/job/New-York-NY-USA/Box-Office-Sellers--The-Bell-House_JR-66790-2,2026-08-05,New,0,"Livenation Careers"
783,Livenation,"VIP Upseller- Irving Plaza","New York, NY, USA",Onsite,Unknown,Unknown,Unknown,Unknown,Other,https://livenation.wd503.myworkdayjobs.com/job/New-York-NY-USA/VIP-Upseller--Irving-Plaza_JR-38823,2026-08-05,New,0,"Livenation Careers"
784,Livenation,"Merchandise Seller - Arizona Financial Theater","Phoenix, AZ, USA",Onsite,Unknown,Unknown,Unknown,Unknown,Other,https://livenation.wd503.myworkdayjobs.com/job/Phoenix-AZ-USA/Merchandise-Seller---Arizona-Financial-Theater_JR-85839,2026-08-05,New,0,"Livenation Careers"
785,Livenation,"Box Office Ticket Seller-Punch Line Irving","Irving, TX, USA",Onsite,Unknown,Unknown,Unknown,Unknown,Other,https://livenation.wd503.myworkdayjobs.com/job/Irving-TX-USA/Punch-Line-Dallas-Box-Office-Ticket-Seller_JR-83928,2026-08-05,New,0,"Livenation Careers"
786,Livenation,"Box Office Seller-PT Punch Line Philly","Philadelphia, PA, USA",Onsite,Unknown,Unknown,Unknown,Unknown,Other,https://livenation.wd503.myworkdayjobs.com/job/Philadelphia-PA-USA/Box-Office-Seller_JR-37211,2026-08-05,New,0,"Livenation Careers"
787,Livenation,"VIP Upseller - Saint Andrew's Hall","Detroit, MI, USA",Onsite,Unknown,Unknown,Unknown,Unknown,Other,https://livenation.wd503.myworkdayjobs.com/job/Detroit-MI-USA/VIP-Upseller---Saint-Andrew-s-Hall_JR-73995,2026-08-05,New,0,"Livenation Careers"
788,Livenation,"Ticket Seller - Jiffy Lube Live","Bristow, VA, USA",Onsite,Unknown,Unknown,Unknown,Unknown,Other,https://livenation.wd503.myworkdayjobs.com/job/Bristow-VA-USA/Ticket-Seller---Jiffy-Lube-Live_JR-78210,2026-08-05,New,0,"Livenation Careers"
789,Livenation,"Merchandise Seller - Jiffy Lube Live","Bristow, VA, USA",Onsite,Unknown,Unknown,Unknown,Unknown,Other,https://livenation.wd503.myworkdayjobs.com/job/Bristow-VA-USA/Merchandise-Seller---Jiffy-Lube-Live_JR-78177,2026-08-05,New,0,"Livenation Careers"
790,Livenation,"Ticket Seller- Varisity","Minneapolis, MN, USA",Onsite,Unknown,Unknown,Unknown,Unknown,Other,https://livenation.wd503.myworkdayjobs.com/job/Minneapolis-MN-USA/Ticket-Seller--Varisity_JR-52111,2026-08-05,New,0,"Livenation Careers"
791,Livenation,"Ticket Seller","Santa Ana, CA, USA",Onsite,Unknown,Unknown,Unknown,Unknown,Other,https://livenation.wd503.myworkdayjobs.com/job/Santa-Ana-CA-USA/Ticket-Seller_JR-38331,2026-08-05,New,0,"Livenation Careers"
792,Livenation,"Box Office/Ticket Seller- Punch Line Houston","Houston, TX, USA",Onsite,Unknown,Unknown,Unknown,Unknown,Other,https://livenation.wd503.myworkdayjobs.com/job/Houston-TX-USA/Box-Office-Ticket-Seller--Punch-Line-Houston_JR-71179-3,2026-08-05,New,0,"Livenation Careers"
793,Livenation,"Box Office Seller- The Depot","Salt Lake City, UT, USA",Onsite,Unknown,Unknown,Unknown,Unknown,Other,https://livenation.wd503.myworkdayjobs.com/job/Salt-Lake-City-UT-USA/Box-Office-Seller--The-Depot_JR-65887,2026-08-05,New,0,"Livenation Careers"
794,Livenation,"Box Office Ticket Seller","Cincinnati, OH, USA",Onsite,Unknown,Unknown,Unknown,Unknown,Other,https://livenation.wd503.myworkdayjobs.com/job/Cincinnati-OH-USA/Box-Office-Ticket-Seller_JR-37267,2026-08-05,New,0,"Livenation Careers"
795,Livenation,"Box Office Seller","Denver, CO, USA",Onsite,Unknown,Unknown,Unknown,Unknown,Other,https://livenation.wd503.myworkdayjobs.com/job/Denver-CO-USA/Box-Office-Seller_JR-55828-1,2026-08-05,New,0,"Livenation Careers"
796,Livenation,"Box Office Ticket Seller- Cobb's Comedy Club San Francisco","San Francisco, CA, USA",Onsite,Unknown,Unknown,Unknown,Unknown,Other,https://livenation.wd503.myworkdayjobs.com/job/San-Francisco-CA-USA/Box-Office-Ticket-Seller--Cobb-s-Comedy-Club-San-Francisco_JR-36554-1,2026-08-05,New,0,"Livenation Careers"
797,"Legends Global","Event Merchandise Seller","Pensacola, FL",Onsite,Unknown,Unknown,Unknown,Unknown,Other,https://asmglobal.wd1.myworkdayjobs.com/job/Pensacola-FL/Event-Merchandise-Seller_R100124207,2026-08-05,New,0,"Legends Global Careers"
798,"Legends Global","Box Office ticket seller","Highland Heights, KY",Onsite,Unknown,Unknown,Unknown,Unknown,Other,https://asmglobal.wd1.myworkdayjobs.com/job/Highland-Heights-KY/Box-Office-ticket-seller_R100124069-1,2026-08-05,New,0,"Legends Global Careers"
799,"Legends Global","Ticket Seller","Save Mart Center Fresno, CA",Onsite,Unknown,Unknown,Unknown,Unknown,Other,https://asmglobal.wd1.myworkdayjobs.com/job/Save-Mart-Center-Fresno-CA/Ticket-Seller_R100115602-1,2026-08-05,New,0,"Legends Global Careers"
800,"Legends Global","Box Office - Ticket Seller","Oakland, CA",Onsite,Unknown,Unknown,Unknown,Unknown,Other,https://asmglobal.wd1.myworkdayjobs.com/job/Oakland-CA/Box-Office---Ticket-Seller_R100116488,2026-08-05,New,0,"Legends Global Careers"
801,"Legends Global","Ticket Seller - Raising Cane's River Center","Baton Rouge, LA",Onsite,Unknown,Unknown,Unknown,Unknown,Other,https://asmglobal.wd1.myworkdayjobs.com/job/Baton-Rouge-LA/Ticket-Seller---Raising-Cane-s-River-Center_R100122544,2026-08-05,New,0,"Legends Global Careers"
802,"Launch Potato","Lead Analytics Manager","Asheville, NC (remote); Atlanta, GA (remote); Boynton Beach, FL (remote); Charleston, SC (remote); Charlotte, NC (remote); Delray Beach, FL (hybrid); Fort Lauderdale, FL (hybrid); Miami, FL (hybrid); Raleigh, NC (remote)",Onsite,Unknown,Unknown,Analytics,Unknown,"Data Analytics",https://job-boards.greenhouse.io/launch2/jobs/6129482004,2026-08-05,New,0,"Launch Potato Careers"
803,"Launch Potato","Lead Data Analyst, Marketing","Los Angeles, CA (remote); Portland, OR (remote); San Diego, CA (remote); Seattle, WA (remote)",Onsite,Unknown,Unknown,Marketing,Unknown,"Data Analytics",https://job-boards.greenhouse.io/launch2/jobs/6129497004,2026-08-05,New,0,"Launch Potato Careers"
804,Livenation,"Manager, Resale Financial Planning & Analytics","Work From Home - Illinois - Chicago",Onsite,Unknown,Unknown,Analytics,Unknown,"Data Analytics",https://livenation.wd503.myworkdayjobs.com/job/Work-From-Home---Illinois---Chicago/Manager--Resale-Financial-Planning---Analytics_JR-91546-3,2026-08-05,New,0,"Livenation Careers"
805,Headspace,"Associate Data Analyst, Marketing","Remote - United States",Onsite,Unknown,Unknown,Marketing,Unknown,"Data Analytics",https://job-boards.greenhouse.io/hs/jobs/8080558,2026-08-05,Applied,0,"Headspace Careers"
806,Headspace,"Manager, Data Analytics","Santa Monica, California, United States",Onsite,Unknown,Unknown,Analytics,Unknown,"Data Analytics",https://job-boards.greenhouse.io/hs/jobs/7964900,2026-08-05,Applied,0,"Headspace Careers"
807,Arcticwolf,"Product Marketing Manager - MSP","2 Locations",Onsite,Unknown,Unknown,Marketing,Unknown,Other,https://arcticwolf.wd1.myworkdayjobs.com/job/Remote-United-States/Product-Marketing-Manager---MSP_R26_870,2026-08-05,New,0,"Arcticwolf Careers"
808,Arcticwolf,"Sales Development Representative (m/f/d) – Nordics","2 Locations",Onsite,Unknown,Unknown,Sales,Unknown,Sales,https://arcticwolf.wd1.myworkdayjobs.com/job/Frankfurt-DEU/Sales-Development-Representative--m-f-d----Nordics_R26_767,2026-08-05,New,0,"Arcticwolf Careers"
809,Arcticwolf,"Account Executive Poland (m/f/d)","Remote, Poland",Onsite,Unknown,Unknown,Sales,Unknown,Sales,https://arcticwolf.wd1.myworkdayjobs.com/job/Remote-Poland/Account-Executive-Poland_R26_608-1,2026-08-05,New,0,"Arcticwolf Careers"
810,Arcticwolf,"Account Executive - Enterprise (Cincinnati)","Remote, United States",Onsite,Unknown,Unknown,Sales,Unknown,Sales,https://arcticwolf.wd1.myworkdayjobs.com/job/Remote-United-States/Account-Executive---Enterprise--Cincinnati-_R26_864,2026-08-05,New,0,"Arcticwolf Careers"
811,Arcticwolf,"Account Executive - Enterprise (Tennessee)","Remote, United States",Onsite,Unknown,Unknown,Sales,Unknown,Sales,https://arcticwolf.wd1.myworkdayjobs.com/job/Remote-United-States/Account-Executive---Enterprise--Tennessee-_R26_839,2026-08-05,New,0,"Arcticwolf Careers"
812,Arcticwolf,"Account Executive - Enterprise (Chicago)","Remote, United States",Onsite,Unknown,Unknown,Sales,Unknown,Sales,https://arcticwolf.wd1.myworkdayjobs.com/job/Remote-United-States/Account-Executive---Enterprise--Chicago-_R26_860,2026-08-05,New,0,"Arcticwolf Careers"
813,Arcticwolf,"Account Executive (m/w/d) Südbayern","Remote, Germany",Onsite,Unknown,Unknown,Sales,Unknown,Sales,https://arcticwolf.wd1.myworkdayjobs.com/job/Remote-Germany/Account-Executive--m-w-d--Bayern_R26_470,2026-08-05,New,0,"Arcticwolf Careers"
814,Arcticwolf,"Account Executive South-West","Remote, United Kingdom",Onsite,Unknown,Unknown,Sales,Unknown,Sales,https://arcticwolf.wd1.myworkdayjobs.com/job/Remote-United-Kingdom/Account-Executive-South-West_R26_789,2026-08-05,New,0,"Arcticwolf Careers"
815,Arcticwolf,"Cyber Operations Analyst","Pleasant Grove, UT, USA",Onsite,Unknown,Unknown,Analytics,Unknown,Operations,https://arcticwolf.wd1.myworkdayjobs.com/job/Pleasant-Grove-UT-USA/Cyber-Operations-Analyst_R26_814,2026-08-05,New,0,"Arcticwolf Careers"
816,Arcticwolf,"Sales Development Representative","Remote, Australia",Onsite,Unknown,Unknown,Sales,Unknown,Sales,https://arcticwolf.wd1.myworkdayjobs.com/job/Remote-Australia/Sales-Development-Representative_R26_783,2026-08-05,New,0,"Arcticwolf Careers"
817,Arcticwolf,"Marketing Performance Analyst","Remote, United States",Onsite,Unknown,Unknown,Marketing,Unknown,Other,https://arcticwolf.wd1.myworkdayjobs.com/job/Remote-United-States/Marketing-Performance-Analyst_R26_760,2026-08-05,Applied,0,"Arcticwolf Careers"
818,Arcticwolf,"Account Executive UK (Speculative Application)","Remote, United Kingdom",Onsite,Unknown,Unknown,Sales,Unknown,Sales,https://arcticwolf.wd1.myworkdayjobs.com/job/Remote-United-Kingdom/Account-Executive-UK--Speculative-Application-_R26_169,2026-08-05,New,0,"Arcticwolf Careers"
819,Arcticwolf,"Channel Account Manager - ANZ (Sydney)","Remote, Australia",Onsite,Unknown,Unknown,Unknown,Unknown,Sales,https://arcticwolf.wd1.myworkdayjobs.com/job/Remote-Australia/Channel-Account-Manager---ANZ--Sydney-_R26_441-1,2026-08-05,New,0,"Arcticwolf Careers"
820,Coinbase,"Internal Audit Analytics Associate","Remote - USA",Onsite,Unknown,Unknown,Analytics,Unknown,"Data Analytics",https://www.coinbase.com/careers/positions/8109575?gh_jid=8109575,2026-08-05,New,0,"Coinbase Careers"
821,"Play On","Senior Analytics Engineer, Product",Remote,Onsite,Unknown,Unknown,Analytics,Unknown,"Data Analytics",https://job-boards.greenhouse.io/playonsports/jobs/4340108009,2026-08-05,New,0,"Play On Careers"
822,Wonder,"Senior Enterprise Account Manager,  Strategic Partnerships",Chicago,Onsite,Unknown,Unknown,Unknown,Unknown,Sales,https://wonder.wd1.myworkdayjobs.com/job/Chicago/Senior-Account-Manager--Enterprise_JR101251,2026-08-05,New,0,"Wonder Careers"
823,Wonder,"Business Development Representative (LA)","Remote - California Tier 1",Onsite,Unknown,Unknown,Sales,Unknown,Sales,https://wonder.wd1.myworkdayjobs.com/job/Remote---California-Tier-1/Business-Development-Representative_JR101276,2026-08-05,New,0,"Wonder Careers"
824,Wonder,"Business Development Representative (Atlanta)","Remote - Georgia Tier 2",Onsite,Unknown,Unknown,Sales,Unknown,Sales,https://wonder.wd1.myworkdayjobs.com/job/Remote---Georgia-Tier-2/Business-Development-Representative_JR101275,2026-08-05,New,0,"Wonder Careers"
825,Wonder,"Manager, Customer Retention Strategy & Analytics","2 Locations",Onsite,Unknown,Unknown,Analytics,Unknown,"Data Analytics",https://wonder.wd1.myworkdayjobs.com/job/Chicago/Manager--Customer-Retention-Strategy---Analytics_JR101260,2026-08-05,New,0,"Wonder Careers"
826,Wonder,"Business Development Representative",Chicago,Onsite,Unknown,Unknown,Sales,Unknown,Sales,https://wonder.wd1.myworkdayjobs.com/job/Chicago/Business-Development-Representative_JR101271,2026-08-05,New,0,"Wonder Careers"
827,Wonder,"Associate Director, Inventory Data","2 Locations",Onsite,Unknown,Unknown,Analytics,Unknown,Other,https://wonder.wd1.myworkdayjobs.com/job/Parsippany-NJ/Associate-Director--Inventory-Data_JR101115-2,2026-08-05,New,0,"Wonder Careers"
828,Wonder,"Bilingual Account Manager, SMB","Remote - Texas Tier 2",Onsite,Unknown,Unknown,Unknown,Unknown,Sales,https://wonder.wd1.myworkdayjobs.com/job/Remote---Texas-Tier-2/Account-Manager--SMB_JR101203,2026-08-05,New,0,"Wonder Careers"
829,Wonder,"Sr. Associate, Rev Ops - Partner Operations",Chicago,Onsite,Unknown,Unknown,Operations,Unknown,Operations,https://wonder.wd1.myworkdayjobs.com/job/Chicago/Sr-Associate--Rev-Ops---Partner-Operations_JR101169,2026-08-05,New,0,"Wonder Careers"
830,Wonder,"Associate Account Manager, Enterprise",Chicago,Onsite,Unknown,Unknown,Unknown,Unknown,Sales,https://wonder.wd1.myworkdayjobs.com/job/Chicago/Associate-Account-Manager--Enterprise_JR101141-1,2026-08-05,New,0,"Wonder Careers"
831,Wonder,"Sr Tax Payroll Analyst","2 Locations",Onsite,Unknown,Unknown,Analytics,Unknown,Other,https://wonder.wd1.myworkdayjobs.com/job/New-York-NY/Sr-Associate--Payroll--TAX-payroll-exp-req-d-_JR101171,2026-08-05,New,0,"Wonder Careers"
832,Wonder,"Manager, Marketing Analytics","2 Locations",Onsite,Unknown,Unknown,Marketing,Unknown,"Data Analytics",https://wonder.wd1.myworkdayjobs.com/job/HQ/Manager--Marketing-Analytics_JR101234,2026-08-05,New,0,"Wonder Careers"
833,Wonder,"Business Development Representative (Dallas)","Remote - Texas Tier 2",Onsite,Unknown,Unknown,Sales,Unknown,Sales,https://wonder.wd1.myworkdayjobs.com/job/Remote---Texas-Tier-2/Business-Development-Representative_JR101264,2026-08-05,New,0,"Wonder Careers"
834,Wonder,"Account Executive (Dallas)","Remote - Texas Tier 2",Onsite,Unknown,Unknown,Sales,Unknown,Sales,https://wonder.wd1.myworkdayjobs.com/job/Remote---Texas-Tier-2/Account-Executive--San-Antonio--Bilingual_JR101193,2026-08-05,New,0,"Wonder Careers"
835,Wonder,"Account Executive",Chicago,Onsite,Unknown,Unknown,Sales,Unknown,Sales,https://wonder.wd1.myworkdayjobs.com/job/Chicago/Account-Executive_JR101261,2026-08-05,New,0,"Wonder Careers"
836,Wonder,"Business Development Representative (San Jose, CA)","Remote - California Tier 1",Onsite,Unknown,Unknown,Sales,Unknown,Sales,https://wonder.wd1.myworkdayjobs.com/job/Remote---California-Tier-1/Business-Development-Representative--San-Jose--CA-_JR101263,2026-08-05,New,0,"Wonder Careers"
837,Wonder,"Senior Enablement Associate, GTM - (Chicago or NYC)","2 Locations",Onsite,Unknown,Unknown,Unknown,Unknown,Other,https://wonder.wd1.myworkdayjobs.com/job/Chicago/EEnablement-Associate--Continued-Education---GTM_JR101056,2026-08-05,New,0,"Wonder Careers"
838,Wonder,"Account Executive (San Jose) - Bilingual","Remote - California Tier 2",Onsite,Unknown,Unknown,Sales,Unknown,Sales,https://wonder.wd1.myworkdayjobs.com/job/Remote---California-Tier-2/Account-Executive_JR100829,2026-08-05,New,0,"Wonder Careers"
839,Wonder,"Director of RevOps & Analytics, Grubhub for Business","2 Locations",Onsite,Unknown,Unknown,Analytics,Unknown,"Data Analytics",https://wonder.wd1.myworkdayjobs.com/job/Chicago/Director-of-RevOps---Analytics--Grubhub-for-Business_JR101254,2026-08-05,New,0,"Wonder Careers"
840,Wonder,"Enterprise Account Executive","2 Locations",Onsite,Unknown,Unknown,Sales,Unknown,Sales,https://wonder.wd1.myworkdayjobs.com/job/HQ/Enterprise-Account-Executive_JR101231,2026-08-05,New,0,"Wonder Careers"
841,Wonder,"Associate, Integrations & Solutions",Chicago,Onsite,Unknown,Unknown,Unknown,Unknown,Other,https://wonder.wd1.myworkdayjobs.com/job/Chicago/Associate--Integrations---Solutions_JR101233-2,2026-08-05,New,0,"Wonder Careers"
842,Wonder,"Sr Analyst - Merchant Network Strategy & Analytics","2 Locations",Onsite,Unknown,Unknown,Analytics,Unknown,"Data Analytics",https://wonder.wd1.myworkdayjobs.com/job/Chicago/Sr-Analyst--Merchant-Network-Analytics_JR100605,2026-08-05,New,0,"Wonder Careers"
843,Wonder,"Franchise Sales Associate",Chicago,Onsite,Unknown,Unknown,Sales,Unknown,Other,https://wonder.wd1.myworkdayjobs.com/job/Chicago/Franchise-Sales-Associate_JR101142-2,2026-08-05,New,0,"Wonder Careers"
844,Wynd,"Multi-Location/Multi-Function Resort Associate - Inn at the Opera/Suites at Fisherman's Wharf Resort","San Francisco area",Onsite,Unknown,Unknown,Unknown,Unknown,Other,https://wynd.wd5.myworkdayjobs.com/job/San-Francisco-area/Multi-Location-Multi-Function-Resort-Associate---Inn-at-the-Opera-Suites-at-Fisherman-s-Wharf-Resort_R-126708,2026-08-05,New,0,"Wynd Careers"
845,Wynd,"Front Desk Associate I - Club Wyndham Austin Resort",Austin,Onsite,Unknown,Unknown,Unknown,Unknown,Other,https://wynd.wd5.myworkdayjobs.com/job/Austin/Front-Desk-Associate-I---Club-Wyndham-Austin-Resort_R-126718,2026-08-05,New,0,"Wynd Careers"
846,Wynd,"Recreation Associate - Grand Desert Resort","Las Vegas area",Onsite,Unknown,Unknown,Unknown,Unknown,Other,https://wynd.wd5.myworkdayjobs.com/job/Las-Vegas-area/Recreation-Associate---Grand-Desert-Resort_R-125516,2026-08-05,New,0,"Wynd Careers"
847,Wynd,"Guest Services Associate I (PT)- Club Wyndham Long Wharf Resort","Newport Rhode Island Area",Onsite,Unknown,Unknown,Unknown,Unknown,Other,https://wynd.wd5.myworkdayjobs.com/job/Newport-Rhode-Island-Area/Guest-Services-Associate-I--Club-Wyndham-Long-Wharf-Resort_R-126665,2026-08-05,New,0,"Wynd Careers"
848,Wynd,"Guest Services Associate I (FT) - Club Wyndham Lake Marion Resort","Lake Marion",Onsite,Unknown,Unknown,Unknown,Unknown,Other,https://wynd.wd5.myworkdayjobs.com/job/Lake-Marion/Guest-Services-Associate-I--FT----Club-Wyndham-Lake-Marion-Resort_R-126668,2026-08-05,New,0,"Wynd Careers"
849,Wynd,"Laundry Associate - WorldMark Portland Waterfront Resort","Portland Waterfront",Onsite,Unknown,Unknown,Unknown,Unknown,Other,https://wynd.wd5.myworkdayjobs.com/job/Portland-Waterfront/Laundry-Associate---WorldMark-Portland-Waterfront-Resort_R-126593,2026-08-05,New,0,"Wynd Careers"
850,Wynd,"Analyst, Contact Center Communications","2 Locations",Onsite,Unknown,Unknown,Analytics,Unknown,Other,https://wynd.wd5.myworkdayjobs.com/job/Florida-USA-work-from-home/Analyst--Contact-Center-Communications_R-124659,2026-08-05,New,0,"Wynd Careers"
851,Wynd,"Activities Associate - Seasonal, Part Time","Orlando area",Onsite,Unknown,Unknown,Unknown,Unknown,Other,https://wynd.wd5.myworkdayjobs.com/job/Orlando-area/Activities-Associate---Seasonal--Part-Time_R-118219,2026-08-05,New,0,"Wynd Careers"
852,Wynd,"Activities Associate - Seasonal","Orlando area",Onsite,Unknown,Unknown,Unknown,Unknown,Other,https://wynd.wd5.myworkdayjobs.com/job/Orlando-area/Activities-Associate_R-114906,2026-08-05,New,0,"Wynd Careers"
853,Wynd,"Front Desk Associate - WorldMark San Francisco Nob Hill Resort","San Francisco area",Onsite,Unknown,Unknown,Unknown,Unknown,Other,https://wynd.wd5.myworkdayjobs.com/job/San-Francisco-area/Front-Desk-Associate---WorldMark-San-Francisco-Nob-Hill-Resort_R-126534-1,2026-08-05,New,0,"Wynd Careers"
854,Wynd,"Senior Financial Analyst","Orlando Corporate Headquarters",Onsite,Unknown,Unknown,Analytics,Unknown,Other,https://wynd.wd5.myworkdayjobs.com/job/Orlando-Corporate-Headquarters/Senior-Financial-Analyst_R-126261,2026-08-05,New,0,"Wynd Careers"
855,Wynd,"Guest Services Associate - Part Time - Desert Blue Resort","Las Vegas area",Onsite,Unknown,Unknown,Unknown,Unknown,Other,https://wynd.wd5.myworkdayjobs.com/job/Las-Vegas-area/Guest-Services-Associate---Part-Time---Desert-Blue-Resort_R-126431,2026-08-05,New,0,"Wynd Careers"
856,Wynd,"Guest Services Associate - Desert Blue Resort","Las Vegas area",Onsite,Unknown,Unknown,Unknown,Unknown,Other,https://wynd.wd5.myworkdayjobs.com/job/Las-Vegas-area/Guest-Services-Associate---Desert-Blue-Resort_R-126378,2026-08-05,New,0,"Wynd Careers"
857,Wynd,"Guest Services Associate - Part Time - Spencer Street Resort","Las Vegas area",Onsite,Unknown,Unknown,Unknown,Unknown,Other,https://wynd.wd5.myworkdayjobs.com/job/Las-Vegas-area/Guest-Services-Associate---Part-Time---Spencer-Street-Resort_R-126376-1,2026-08-05,New,0,"Wynd Careers"
858,Wynd,"Guest Services Associate - The Lake House WorldMark","The Lake House",Onsite,Unknown,Unknown,Unknown,Unknown,Other,https://wynd.wd5.myworkdayjobs.com/job/The-Lake-House/Guest-Services-Associate---The-Lake-House-WorldMark_R-124513,2026-08-05,New,0,"Wynd Careers"
859,Wynd,"Guest Services Associate (2nd & 3rd Shifts): Canmore",Canmore,Onsite,Unknown,Unknown,Unknown,Unknown,Other,https://wynd.wd5.myworkdayjobs.com/job/Canmore/Guest-Services-Associate--2nd---3rd-Shifts---Canmore_R-126086,2026-08-05,New,0,"Wynd Careers"
860,Wynd,"Overnight Guest Services Associate - Multi-Resort","Orlando area",Onsite,Unknown,Unknown,Unknown,Unknown,Other,https://wynd.wd5.myworkdayjobs.com/job/Orlando-area/Overnight-Guest-Services-Associate---Multi-Resort_R-126176,2026-08-05,New,0,"Wynd Careers"
861,Wynd,"Business Operations Manager",Atlanta,Onsite,Unknown,Unknown,Operations,Unknown,Operations,https://wynd.wd5.myworkdayjobs.com/job/Atlanta/Business-Operations-Manager_R-126104,2026-08-05,New,0,"Wynd Careers"
862,Wynd,"Oracle Analytics Cloud (OAC) Administrator","Florida, USA (work from home)",Onsite,Unknown,Unknown,Analytics,Unknown,"Data Analytics",https://wynd.wd5.myworkdayjobs.com/job/Florida-USA-work-from-home/Oracle-Analytics-Cloud--OAC--Administrator_R-125328-1,2026-08-05,New,0,"Wynd Careers"
863,Wynd,"Senior Data Analytics - IT Internal Auditor","Orlando Corporate Headquarters",Onsite,Unknown,Unknown,Analytics,Unknown,"Data Analytics",https://wynd.wd5.myworkdayjobs.com/job/Orlando-Corporate-Headquarters/Senior-Data-Analytics---IT-Internal-Auditor_R-125365-1,2026-08-05,New,0,"Wynd Careers"
864,Wynd,"Evening Guest Service Associate: Club Wyndham Kona Hawaiian Resort","Kona Hawaiian Village",Onsite,Unknown,Unknown,Unknown,Unknown,Other,https://wynd.wd5.myworkdayjobs.com/job/Kona-Hawaiian-Village/Evening-Guest-Service-Associate_R-122733-1,2026-08-05,New,0,"Wynd Careers"
865,Wynd,"Guest Services Associate,  I (PT)- Club Wyndham OnShore Resort","Newport Rhode Island Area",Onsite,Unknown,Unknown,Unknown,Unknown,Other,https://wynd.wd5.myworkdayjobs.com/job/Newport-Rhode-Island-Area/Guest-Services-Associate---I--PT---Club-Wyndham-OnShore-Resort_R-125507,2026-08-05,New,0,"Wynd Careers"
866,Wynd,"Assistant Marketing Manager","3 Locations",Onsite,Unknown,Unknown,Marketing,Unknown,Other,https://wynd.wd5.myworkdayjobs.com/job/Williamsburg-area/Assistant-Marketing-Manager_R-125435,2026-08-05,New,0,"Wynd Careers"
867,Wynd,"Guest Services Associate (Part-Time)- Club Wyndham Lake Marion Resort","Lake Marion",Onsite,Unknown,Unknown,Unknown,Unknown,Other,https://wynd.wd5.myworkdayjobs.com/job/Lake-Marion/Guest-Services-Associate--Club-Wyndham-Lake-Marion-Resort_R-124724,2026-08-05,New,0,"Wynd Careers"
868,Wynd,"Guest Services Associate - Seasonal - Las Vegas Blvd Resort","Las Vegas area",Onsite,Unknown,Unknown,Unknown,Unknown,Other,https://wynd.wd5.myworkdayjobs.com/job/Las-Vegas-area/Guest-Services-Associate---Seasonal---Las-Vegas-Blvd-Resort_R-124745,2026-08-05,New,0,"Wynd Careers"
869,Wynd,"Compensation Analyst","Orlando Corporate Headquarters",Onsite,Unknown,Unknown,Analytics,Unknown,Other,https://wynd.wd5.myworkdayjobs.com/job/Orlando-Corporate-Headquarters/Compensation-Analyst_R-124707,2026-08-05,New,0,"Wynd Careers"
870,Wynd,"Guest Services Associate - Part Time - Grand Desert Resort","Las Vegas area",Onsite,Unknown,Unknown,Unknown,Unknown,Other,https://wynd.wd5.myworkdayjobs.com/job/Las-Vegas-area/Guest-Services-Associate---Part-Time---Grand-Desert-Resort_R-124155,2026-08-05,New,0,"Wynd Careers"
871,Wynd,"Area Sales Administration and Operations Manager - Asia (Relocating to Phuket)","2 Locations",Onsite,Unknown,Unknown,Sales,Unknown,Operations,https://wynd.wd5.myworkdayjobs.com/job/Novotel-Nusa-Dua/Area-Sales-Administration-and-Operations-Manager---Asia--Relocating-to-Phuket-_R-122070,2026-08-05,New,0,"Wynd Careers"
872,Wynd,"Revenue Analyst","Novotel Nusa Dua",Onsite,Unknown,Unknown,Analytics,Unknown,Other,https://wynd.wd5.myworkdayjobs.com/job/Novotel-Nusa-Dua/Revenue-Analyst_R-121400,2026-08-05,New,0,"Wynd Careers"
873,Wynd,"Telemarketing Manager - Japanese Speaker","4 Locations",Onsite,Unknown,Unknown,Marketing,Unknown,Other,https://wynd.wd5.myworkdayjobs.com/job/Novotel-Nusa-Dua/Telemarketing-Manager---Japanese-Speaker_R-119978,2026-08-05,New,0,"Wynd Careers"
874,Cvshealth,"Store Associate","NM - Carlsbad",Onsite,Unknown,Unknown,Unknown,Unknown,Other,https://cvshealth.wd1.myworkdayjobs.com/job/NM---Carlsbad/Store-Associate_R1000759,2026-08-05,New,0,"Cvshealth Careers"
875,Cvshealth,"Store Associate Seasonal","PA - Philadelphia",Onsite,Unknown,Unknown,Unknown,Unknown,Other,https://cvshealth.wd1.myworkdayjobs.com/job/PA---Philadelphia/Store-Associate-Seasonal_R0994179,2026-08-05,New,0,"Cvshealth Careers"
876,Cvshealth,"Operations Manager","MA - Cambridge",Onsite,Unknown,Unknown,Operations,Unknown,Operations,https://cvshealth.wd1.myworkdayjobs.com/job/MA---Cambridge/Operations-Manager_R1001131,2026-08-05,New,0,"Cvshealth Careers"
877,Cvshealth,"Program Manager, Enterprise Marketing","6 Locations",Onsite,Unknown,Unknown,Marketing,Unknown,Other,https://cvshealth.wd1.myworkdayjobs.com/job/RI---Woonsocket/Manager--Program-Management_R0995850-1,2026-08-05,New,0,"Cvshealth Careers"
878,Cvshealth,"Adjudication Associate (Omnicare) - Overnight","49 Locations",Onsite,Unknown,Unknown,Unknown,Unknown,Other,https://cvshealth.wd1.myworkdayjobs.com/job/MN---Work-from-home/Adjudication-Associate--Omnicare----Overnight_R1001056,2026-08-05,New,0,"Cvshealth Careers"
879,Cvshealth,"Pharmacist - Clinical Program Manager - Specialty Pharmacy","52 Locations",Onsite,Unknown,Unknown,Unknown,Unknown,Other,https://cvshealth.wd1.myworkdayjobs.com/job/IL---Work-from-home/Pharmacist---Clinical-Program-Manager---Specialty-Pharmacy_R1000667,2026-08-05,New,0,"Cvshealth Careers"
880,Cvshealth,"Senior Project Manager Meritain TPA","51 Locations",Onsite,Unknown,Unknown,Unknown,Unknown,Other,https://cvshealth.wd1.myworkdayjobs.com/job/NY---Work-from-hom/Senior-Project-Manager-Meritain-TPA_R0983961-1,2026-08-05,New,0,"Cvshealth Careers"
881,Cvshealth,"Operations Manager-CA","CA - Victorville",Onsite,Unknown,Unknown,Operations,Unknown,Operations,https://cvshealth.wd1.myworkdayjobs.com/job/CA---Victorville/Operations-Manager-CA_R1000981,2026-08-05,New,0,"Cvshealth Careers"
882,Cvshealth,"Senior Project Manager - Health Insurance","7 Locations",Onsite,Unknown,Unknown,Unknown,Unknown,Other,https://cvshealth.wd1.myworkdayjobs.com/job/CT---Hartford/Senior-Manager--Project-Management-Health-Insurance_R0949875,2026-08-05,New,0,"Cvshealth Careers"
883,Cvshealth,"Analyst, Quality Audit Control II OPS","48 Locations",Onsite,Unknown,Unknown,Analytics,Unknown,Other,https://cvshealth.wd1.myworkdayjobs.com/job/FL---Work-from-home/Analyst--Quality-Audit-Control-II-OPS_R0970385,2026-08-05,New,0,"Cvshealth Careers"
884,Cvshealth,"Communications Account Manager","49 Locations",Onsite,Unknown,Unknown,Unknown,Unknown,Sales,https://cvshealth.wd1.myworkdayjobs.com/job/TX---Work-from-home/Communications-Account-Manager_R0951636-1,2026-08-05,New,0,"Cvshealth Careers"
885,Cvshealth,"Analyst,Operations","TX - Dallas",Onsite,Unknown,Unknown,Analytics,Unknown,Operations,https://cvshealth.wd1.myworkdayjobs.com/job/TX---Dallas/Analyst-Operations_R0978281,2026-08-05,New,0,"Cvshealth Careers"
886,Cvshealth,"Case Management Analyst - Field Lake County IL","3 Locations",Onsite,Unknown,Unknown,Analytics,Unknown,Other,https://cvshealth.wd1.myworkdayjobs.com/job/IL---Round-Lake/Case-Management-Analyst---Field-Lake-County-IL_R0939136,2026-08-05,New,0,"Cvshealth Careers"
887,Cvshealth,"Training Analyst Sales and Client Management","49 Locations",Onsite,Unknown,Unknown,Sales,Unknown,Other,https://cvshealth.wd1.myworkdayjobs.com/job/CT---Hartford/Training-Analyst-Sales-and-Client-Management_R0896209-1,2026-08-05,Applied,0,"Cvshealth Careers"
888,Cvshealth,"Senior Analyst, Indirect Tax","RI - Cumberland",Onsite,Unknown,Unknown,Analytics,Unknown,Other,https://cvshealth.wd1.myworkdayjobs.com/job/RI---Cumberland/Senior-Analyst--Indirect-Tax_R0994554,2026-08-05,New,0,"Cvshealth Careers"
889,Cvshealth,"Operations Manager- CA","CA - Palo Alto",Onsite,Unknown,Unknown,Operations,Unknown,Operations,https://cvshealth.wd1.myworkdayjobs.com/job/CA---Palo-Alto/Operations-Manager--CA_R0998162,2026-08-05,New,0,"Cvshealth Careers"
890,Cvshealth,"Mgr, Business Analysis, Workforce Initiatives, Data & Analytics","17 Locations",Onsite,Unknown,Unknown,Analytics,Unknown,"Data Analytics",https://cvshealth.wd1.myworkdayjobs.com/job/GA---Work-from-home/Mgr--Business-Analysis--Workforce-Initiatives--Data---Analytics_R0991117,2026-08-05,New,0,"Cvshealth Careers"
891,Cvshealth,"Sales Operations Analyst","49 Locations",Onsite,Unknown,Unknown,Sales,Unknown,Operations,https://cvshealth.wd1.myworkdayjobs.com/job/GA---Work-from-home/Sales-Operations-Analyst_R0981057,2026-08-05,Applied,0,"Cvshealth Careers"
892,Cvshealth,"Quality Manager, Data & Insights Analytics","8 Locations",Onsite,Unknown,Unknown,Analytics,Unknown,"Data Analytics",https://cvshealth.wd1.myworkdayjobs.com/job/TN---Nashville/Quality-Manager--Data---Insights-Analytics_R0990293,2026-08-05,New,0,"Cvshealth Careers"
893,Cvshealth,"Rebates Invoicing Analyst","5 Locations",Onsite,Unknown,Unknown,Analytics,Unknown,Other,https://cvshealth.wd1.myworkdayjobs.com/job/IL---Northbrook/Rebates-Invoicing-Analyst_R0990999,2026-08-05,New,0,"Cvshealth Careers"
894,Cvshealth,"Analyst, PBM Financial Operations – Revenue Cycle","48 Locations",Onsite,Unknown,Unknown,Analytics,Unknown,Operations,https://cvshealth.wd1.myworkdayjobs.com/job/Work-At-Home-Illinois/Analyst--PBM-Financial-Operations---Revenue-Cycle_R0991630,2026-08-05,New,0,"Cvshealth Careers"
895,Cvshealth,"Chief of Staff to the SVP - Healthcare Analytics","35 Locations",Onsite,Unknown,Unknown,Analytics,Unknown,"Data Analytics",https://cvshealth.wd1.myworkdayjobs.com/job/Work-At-Home-Illinois/Chief-of-Staff-to-the-SVP---Healthcare-Analytics_R0965430,2026-08-05,New,0,"Cvshealth Careers"
896,Cvshealth,"Medicare Product Operations Analyst","2 Locations",Onsite,Unknown,Unknown,Analytics,Unknown,Operations,https://cvshealth.wd1.myworkdayjobs.com/job/CT---Hartford/Medicare-Product-Operations-Analyst_R0971728,2026-08-05,New,0,"Cvshealth Careers"
897,Cvshealth,"Network Management Analyst","48 Locations",Onsite,Unknown,Unknown,Analytics,Unknown,Other,https://cvshealth.wd1.myworkdayjobs.com/job/AZ---Work-from-home/Network-Management-Analyst_R0958719,2026-08-05,New,0,"Cvshealth Careers"
898,Cvshealth,"Security Operations Manager-Enterprise Security - Midwest","4 Locations",Onsite,Unknown,Unknown,Operations,Unknown,Operations,https://cvshealth.wd1.myworkdayjobs.com/job/IL---Chicago/Security-Operations-Manager-Enterprise-Security---Midwest_R0943022,2026-08-05,New,0,"Cvshealth Careers"
899,Cvshealth,"Strategic Account Manager - CVS Media Exchange(CMX)","6 Locations",Onsite,Unknown,Unknown,Unknown,Unknown,Sales,https://cvshealth.wd1.myworkdayjobs.com/job/MA---Wellesley/Strategic-Account-Manager---CVS-Media-Exchange-CMX-_R0907966,2026-08-05,New,0,"Cvshealth Careers"
900,Cvshealth,"Patient Insurance Analyst","TX - Dallas",Onsite,Unknown,Unknown,Analytics,Unknown,Other,https://cvshealth.wd1.myworkdayjobs.com/job/TX---Dallas/Patient-Insurance-Analyst_R0990707,2026-08-05,New,0,"Cvshealth Careers"
901,Cvshealth,"Senior Operations & Inventory Analyst","KY - Glasgow",Onsite,Unknown,Unknown,Analytics,Unknown,Operations,https://cvshealth.wd1.myworkdayjobs.com/job/KY---Glasgow/Senior-Operations---Inventory-Analyst_R0984545,2026-08-05,New,0,"Cvshealth Careers"
902,Stripe,"Account Executive, Strategics ","San Francisco, Seattle ",Onsite,Unknown,Unknown,Sales,Unknown,Sales,https://stripe.com/jobs/search?gh_jid=8110261,2026-08-06,New,0,"Stripe Careers"
903,Databricks,"Enterprise Account Executive, Healthcare","Remote - Massachusetts; Remote - New York",Onsite,Unknown,Unknown,Sales,Unknown,Sales,https://databricks.com/company/careers/open-positions/job?gh_jid=8686323002,2026-08-06,New,0,"Databricks Careers"
904,Arcticwolf,"Sales Development Representative (m/f/d) - Dutch speaker","2 Locations",Onsite,Unknown,Unknown,Sales,Unknown,Sales,https://arcticwolf.wd1.myworkdayjobs.com/job/Frankfurt-DEU/Sales-Development-Representative--m-f-d----Dutch-speaker_R26_873-1,2026-08-06,New,0,"Arcticwolf Careers"
905,"Legends Global","Operations Manager - Events","Denver, CO",Onsite,Unknown,Unknown,Operations,Unknown,Operations,https://asmglobal.wd1.myworkdayjobs.com/job/Denver-CO/Operations-Manager---Events_R100124448,2026-08-06,New,0,"Legends Global Careers"
906,Wynd,"Yield Analyst I","Orlando area",Onsite,Unknown,Unknown,Analytics,Unknown,Other,https://wynd.wd5.myworkdayjobs.com/job/Orlando-area/Yield-Analyst-I_R-126440,2026-08-06,New,0,"Wynd Careers"
907,Livenation,"Insomniac - Entertainment Project Manager","Los Angeles, CA, USA",Onsite,Unknown,Unknown,Unknown,Unknown,Other,https://livenation.wd503.myworkdayjobs.com/job/Los-Angeles-CA-USA/Insomniac---Entertainment-Project-Manager_JR-92014-1,2026-08-06,New,0,"Livenation Careers"
908,Cvshealth,"Lead Director, Healthcare Medicaid Risk Adjustment Analytics","50 Locations",Onsite,Unknown,Unknown,Analytics,Unknown,"Data Analytics",https://cvshealth.wd1.myworkdayjobs.com/job/CT---Hartford/Lead-Director--Healthcare-Medicaid-Risk-Adjustment-Analytics_R0960669,2026-08-06,New,0,"Cvshealth Careers"
909,Nerdwallet,"Licensed Insurance Sales Agent","NerdWallet US",Onsite,Unknown,Unknown,Sales,Unknown,Other,https://jobs.ashbyhq.com/nerdwallet/96d94df7-b766-4e8c-b8f9-33e1ee7168ad,2026-08-06,New,0,"Nerdwallet Careers"
910,Nerdwallet,"Sales Manager (NY)","NerdWallet Small Business New York",Onsite,Unknown,Unknown,Sales,Unknown,Other,https://jobs.ashbyhq.com/nerdwallet/8c5185b5-79c9-4014-a1b5-b3e28fe529bc,2026-08-06,New,0,"Nerdwallet Careers"
911,Nerdwallet,"Sales Manager (AZ)","NerdWallet Small Business Arizona",Onsite,Unknown,Unknown,Sales,Unknown,Other,https://jobs.ashbyhq.com/nerdwallet/d2d6a07a-1feb-42d3-ac8d-595604b28400,2026-08-06,New,0,"Nerdwallet Careers"
912,Wynd,"Frontline Sales Representative - WorldMark, Tropicana","Las Vegas area",Onsite,Unknown,Unknown,Sales,Unknown,Other,https://wynd.wd5.myworkdayjobs.com/job/Las-Vegas-area/Frontline-Sales-Representative---WorldMark--Tropicana_R-115831,2026-08-06,New,0,"Wynd Careers"
913,Wynd,"In-House Marketing Coordinator",Atlanta,Onsite,Unknown,Unknown,Marketing,Unknown,Other,https://wynd.wd5.myworkdayjobs.com/job/Atlanta/In-House-Marketing-Coordinator_R-126794,2026-08-06,New,0,"Wynd Careers"
914,Wynd,"Virtual Vacation Sales Representative","Orlando area",Onsite,Unknown,Unknown,Sales,Unknown,Other,https://wynd.wd5.myworkdayjobs.com/job/Orlando-area/Virtual-Vacation-Sales-Representative_R-126730,2026-08-06,New,0,"Wynd Careers"
915,Wynd,"In-House Sales Representative  - Pompano Beach","2 Locations",Onsite,Unknown,Unknown,Sales,Unknown,Other,https://wynd.wd5.myworkdayjobs.com/job/Pompano-area/In-House-Sales-Representative----Pompano-Beach_R-126639,2026-08-06,New,0,"Wynd Careers"
916,Wynd,"Frontline Sales Representative - Pompano Beach, FL","2 Locations",Onsite,Unknown,Unknown,Sales,Unknown,Other,https://wynd.wd5.myworkdayjobs.com/job/Pompano-area/Frontline-Sales-Representative---Pompano-Beach--FL_R-126641,2026-08-06,New,0,"Wynd Careers"
917,Wynd,"Vacation Sales Agent","Sunvalley Mall",Onsite,Unknown,Unknown,Sales,Unknown,Other,https://wynd.wd5.myworkdayjobs.com/job/Sunvalley-Mall/Vacation-Sales-Agent_R-126183,2026-08-06,New,0,"Wynd Careers"
918,Wynd,"In House Sales Representative","4 Locations",Onsite,Unknown,Unknown,Sales,Unknown,Other,https://wynd.wd5.myworkdayjobs.com/job/Williamsburg-area/In-House-Sales-Representative_R-126609,2026-08-06,New,0,"Wynd Careers"
919,Wynd,"Discovery Sales Representative","Portland Waterfront",Onsite,Unknown,Unknown,Sales,Unknown,Other,https://wynd.wd5.myworkdayjobs.com/job/Portland-Waterfront/Discovery-Sales-Representative_R-126594,2026-08-06,New,0,"Wynd Careers"
920,Wynd,"Frontline Sales Representative, Club Wyndham Desert Blue","Las Vegas area",Onsite,Unknown,Unknown,Sales,Unknown,Other,https://wynd.wd5.myworkdayjobs.com/job/Las-Vegas-area/Frontline-Sales-Representative--Club-Wyndham-Desert-Blue_R-126508,2026-08-06,New,0,"Wynd Careers"
921,Wynd,"Discovery Sales Representative, Club Wyndham Desert Blue","Las Vegas area",Onsite,Unknown,Unknown,Sales,Unknown,Other,https://wynd.wd5.myworkdayjobs.com/job/Las-Vegas-area/Discovery-Sales-Representative--Club-Wyndham-Desert-Blue_R-126503,2026-08-06,New,0,"Wynd Careers"
922,Wynd,"In House Sales Representative, Club Wyndham Desert Blue","Las Vegas area",Onsite,Unknown,Unknown,Sales,Unknown,Other,https://wynd.wd5.myworkdayjobs.com/job/Las-Vegas-area/In-House-Sales-Representative--Club-Wyndham-Desert-Blue_R-126501,2026-08-06,New,0,"Wynd Careers"
923,Wynd,"Field Marketing Agent",Austin,Onsite,Unknown,Unknown,Marketing,Unknown,Other,https://wynd.wd5.myworkdayjobs.com/job/Austin/Field-Marketing-Agent_R-126471,2026-08-06,New,0,"Wynd Careers"
924,Wynd,"Marketing Coordinator","Portland Waterfront",Onsite,Unknown,Unknown,Marketing,Unknown,Other,https://wynd.wd5.myworkdayjobs.com/job/Portland-Waterfront/Marketing-Coordinator_R-126422,2026-08-06,New,0,"Wynd Careers"
925,Wynd,"Sales Representative","Portland Waterfront",Onsite,Unknown,Unknown,Sales,Unknown,Other,https://wynd.wd5.myworkdayjobs.com/job/Portland-Waterfront/Sales-Representative_R-126424,2026-08-06,New,0,"Wynd Careers"
926,Wynd,"Remote Outbound Sales Agent","Vacation Center",Remote,Unknown,Unknown,Sales,Unknown,Other,https://wynd.wd5.myworkdayjobs.com/job/Vacation-Center/Remote-Outbound-Sales-Agent_R-125901-1,2026-08-06,New,0,"Wynd Careers"
927,Wynd,"Activations Sales Agent - Remote in Florida","2 Locations",Remote,Unknown,Unknown,Sales,Unknown,Other,https://wynd.wd5.myworkdayjobs.com/job/Florida-USA-work-from-home/Activations-Sales-Agent---Remote-in-Florida_R-126306,2026-08-06,New,0,"Wynd Careers"
928,Wynd,"Community Marketing Agent",Camlin,Onsite,Unknown,Unknown,Marketing,Unknown,Other,https://wynd.wd5.myworkdayjobs.com/job/Camlin/Community-Marketing-Agent_R-126287,2026-08-06,New,0,"Wynd Careers"
929,Wynd,"Vacation Sales Representative - Grand Desert","Las Vegas area",Onsite,Unknown,Unknown,Sales,Unknown,Other,https://wynd.wd5.myworkdayjobs.com/job/Las-Vegas-area/Vacation-Sales-Representative---Grand-Desert_R-126272,2026-08-06,New,0,"Wynd Careers"
930,Wynd,"Vacation Sales Representative",Atlanta,Onsite,Unknown,Unknown,Sales,Unknown,Other,https://wynd.wd5.myworkdayjobs.com/job/Atlanta/Vacation-Sales-Representative_R-125453,2026-08-06,New,0,"Wynd Careers"
931,Wynd,"Marketing Sales Agents","Orlando area",Onsite,Unknown,Unknown,Marketing,Unknown,Other,https://wynd.wd5.myworkdayjobs.com/job/Orlando-area/Marketing-Sales-Agents---Bonnet-Creek-Resort_R-125963,2026-08-06,New,0,"Wynd Careers"
932,Wynd,"Sales Representative Front Line- Bonnet Creek","Orlando area",Onsite,Unknown,Unknown,Sales,Unknown,Other,https://wynd.wd5.myworkdayjobs.com/job/Orlando-area/Sales-Representative-Front-Line--Bonnet-Creek_R-125478,2026-08-06,New,0,"Wynd Careers"
933,Wynd,"Vacation Package Sales Agent","Orlando area",Onsite,Unknown,Unknown,Sales,Unknown,Other,https://wynd.wd5.myworkdayjobs.com/job/Orlando-area/Vacation-Package-Sales-Agent_R-126033,2026-08-06,New,0,"Wynd Careers"
934,Wynd,"Frontline Sales Manager - WorldMark, Las Vegas Boulevard","Las Vegas area",Onsite,Unknown,Unknown,Sales,Unknown,Other,https://wynd.wd5.myworkdayjobs.com/job/Las-Vegas-area/Frontline-Sales-Manager---WorldMark--Las-Vegas-Boulevard_R-126181,2026-08-06,New,0,"Wynd Careers"
935,Wynd,"Desert Blue Combo Sales Manager - Las Vegas","Las Vegas area",Onsite,Unknown,Unknown,Sales,Unknown,Other,https://wynd.wd5.myworkdayjobs.com/job/Las-Vegas-area/Desert-Blue-Combo-Sales-Manager---Las-Vegas_R-126119,2026-08-06,New,0,"Wynd Careers"
936,Wynd,"Real Estate Sales Representative - Club Wyndham Ocean Walk Resort","10 Locations",Onsite,Unknown,Unknown,Sales,Unknown,Other,https://wynd.wd5.myworkdayjobs.com/job/Ocean-Walk/Real-Estate-Sales-Representative---Club-Wyndham-Ocean-Walk-Resort_R-126039,2026-08-06,New,0,"Wynd Careers"
937,Wynd,"Sales Manager","Lake Tahoe Sales",Onsite,Unknown,Unknown,Sales,Unknown,Other,https://wynd.wd5.myworkdayjobs.com/job/Lake-Tahoe-Sales/Sales-Manager_R-123709,2026-08-06,New,0,"Wynd Careers"
938,Wynd,"In House Marketing Coordinator - Bonnet Creek Resort","Orlando area",Onsite,Unknown,Unknown,Marketing,Unknown,Other,https://wynd.wd5.myworkdayjobs.com/job/Orlando-area/In-House-Marketing-Coordinator---Bonnet-Creek-Resort_R-125930,2026-08-06,New,0,"Wynd Careers"
939,Wynd,"Real Estate Vacation Sales Agent - In House","Las Vegas area",Onsite,Unknown,Unknown,Sales,Unknown,Other,https://wynd.wd5.myworkdayjobs.com/job/Las-Vegas-area/Real-Estate-Vacation-Sales-Agent---In-House_R-122585,2026-08-06,New,0,"Wynd Careers"
940,Wynd,"Resort Marketing Agent","2 Locations",Onsite,Unknown,Unknown,Marketing,Unknown,Other,https://wynd.wd5.myworkdayjobs.com/job/Myrtle-Beach-area/In-House-Marketing-Agent_R-124972,2026-08-06,New,0,"Wynd Careers"
941,Wynd,"Remote Inbound Sales Agent","Vacation Center",Remote,Unknown,Unknown,Sales,Unknown,Other,https://wynd.wd5.myworkdayjobs.com/job/Vacation-Center/Remote-Inbound-Sales-Agent_R-125823-1,2026-08-06,New,0,"Wynd Careers"
942,Wynd,"Sales Representative Inhouse- Bonnet Creek","Orlando area",Onsite,Unknown,Unknown,Sales,Unknown,Other,https://wynd.wd5.myworkdayjobs.com/job/Orlando-area/Sales-Representative-Inhouse--Bonnet-Creek_R-125822,2026-08-06,New,0,"Wynd Careers"
943,Wynd,"Sales Manager Sports Illustrated Resorts","Sports Illustrated Chicago",Onsite,Unknown,Unknown,Sales,Unknown,Other,https://wynd.wd5.myworkdayjobs.com/job/Sports-Illustrated-Chicago/Sales-Manager-Sports-Illustrated-Resorts_R-125775,2026-08-06,New,0,"Wynd Careers"
944,Wynd,"Face-to-Face Sales Representative - Club Wyndham Ocean Walk","10 Locations",Onsite,Unknown,Unknown,Sales,Unknown,Other,https://wynd.wd5.myworkdayjobs.com/job/Ocean-Walk/Face-to-Face-Sales-Representative---Club-Wyndham-Ocean-Walk_R-125773,2026-08-06,New,0,"Wynd Careers"
945,Wynd,"In House Sales Representative - WorldMark, Tropicana","Las Vegas area",Onsite,Unknown,Unknown,Sales,Unknown,Other,https://wynd.wd5.myworkdayjobs.com/job/Las-Vegas-area/In-House-Sales-Representative---WorldMark--Tropicana_R-115835,2026-08-06,New,0,"Wynd Careers"
946,Wynd,"Sales Representative Sports Illustrated Resorts","Sports Illustrated Chicago",Onsite,Unknown,Unknown,Sales,Unknown,Other,https://wynd.wd5.myworkdayjobs.com/job/Sports-Illustrated-Chicago/Sales-Representative_R-125440,2026-08-06,New,0,"Wynd Careers"
947,Wynd,"In House Sales Representative- Kingstown Reef Resort","Orlando area",Onsite,Unknown,Unknown,Sales,Unknown,Other,https://wynd.wd5.myworkdayjobs.com/job/Orlando-area/In-House-Sales-Representative--Kingstown-Reef-Resort_R-125508,2026-08-06,New,0,"Wynd Careers"
948,Wynd,"Community Marketing Agent for Sports Illustrated Resorts","Sports Illustrated Chicago",Onsite,Unknown,Unknown,Marketing,Unknown,Other,https://wynd.wd5.myworkdayjobs.com/job/Sports-Illustrated-Chicago/Community-Marketing-Agent-for-Sports-Illustrated-Resorts_R-124491,2026-08-06,New,0,"Wynd Careers"
949,Wynd,"In House Marketing Coordinator, Desert Rose","Las Vegas area",Onsite,Unknown,Unknown,Marketing,Unknown,Other,https://wynd.wd5.myworkdayjobs.com/job/Las-Vegas-area/In-House-Marketing-Coordinator--Desert-Rose_R-125139,2026-08-06,New,0,"Wynd Careers"
950,Wynd,"Virtual Sales Representative || Worldmark","Las Vegas area",Onsite,Unknown,Unknown,Sales,Unknown,Other,https://wynd.wd5.myworkdayjobs.com/job/Las-Vegas-area/Virtual-Sales-Representative----Worldmark_R-125194,2026-08-06,New,0,"Wynd Careers"
951,Wynd,"Virtual Sales Representative || Club Wyndham","Las Vegas area",Onsite,Unknown,Unknown,Sales,Unknown,Other,https://wynd.wd5.myworkdayjobs.com/job/Las-Vegas-area/Virtual-Sales-Representative----Club-Wyndham_R-125193,2026-08-06,New,0,"Wynd Careers"
952,Wynd,"Sr. Sales Representative-Sports Illustrated Icon Park","SIR Orlando",Onsite,Unknown,Unknown,Sales,Unknown,Other,https://wynd.wd5.myworkdayjobs.com/job/SIR-Orlando/Sr-Sales-Representative-Sports-Illustrated_R-125158,2026-08-06,New,0,"Wynd Careers"
953,Wynd,"In House Marketing Coordinator",Austin,Onsite,Unknown,Unknown,Marketing,Unknown,Other,https://wynd.wd5.myworkdayjobs.com/job/Austin/In-House-Marketing-Coordinator_R-122697,2026-08-06,New,0,"Wynd Careers"
954,Wynd,"Frontline Sales Representative - Club Wyndham Grand Desert","Las Vegas area",Onsite,Unknown,Unknown,Sales,Unknown,Other,https://wynd.wd5.myworkdayjobs.com/job/Las-Vegas-area/Frontline-Sales-Representative---Club-Wyndham-Grand-Desert_R-115893-1,2026-08-06,New,0,"Wynd Careers"
955,Wynd,"In-House Sales Representative - Daytona Beach - FL Real Estate Lic.","10 Locations",Onsite,Unknown,Unknown,Sales,Unknown,Other,https://wynd.wd5.myworkdayjobs.com/job/Ocean-Walk/In-House-Sales-Representative---Daytona-Beach---FL-Real-Estate-Lic_R-124128,2026-08-06,New,0,"Wynd Careers"
956,Wynd,"In House Marketing Coordinator, Tropicana","Las Vegas area",Onsite,Unknown,Unknown,Marketing,Unknown,Other,https://wynd.wd5.myworkdayjobs.com/job/Las-Vegas-area/In-House-Marketing-Coordinator--Tropicana_R-123497,2026-08-06,New,0,"Wynd Careers"
957,Wynd,"Greeter, Community Marketing Program - Las Vegas Area","Las Vegas area",Onsite,Unknown,Unknown,Marketing,Unknown,Other,https://wynd.wd5.myworkdayjobs.com/job/Las-Vegas-area/Greeter--Community-Marketing-Program---Las-Vegas-Area_R-123108,2026-08-06,New,0,"Wynd Careers"
958,Wynd,"Discovery Sales Representative - WorldMark, Las Vegas Boulevard","Las Vegas area",Onsite,Unknown,Unknown,Sales,Unknown,Other,https://wynd.wd5.myworkdayjobs.com/job/Las-Vegas-area/Discovery-Sales-Representative---WorldMark--Las-Vegas-Boulevard_R-115823,2026-08-06,New,0,"Wynd Careers"
959,Wynd,"In House Sales Representative, WorldMark - Las Vegas Boulevard","Las Vegas area",Onsite,Unknown,Unknown,Sales,Unknown,Other,https://wynd.wd5.myworkdayjobs.com/job/Las-Vegas-area/In-House-Sales-Representative--WorldMark---Las-Vegas-Boulevard_R-115826-1,2026-08-06,New,0,"Wynd Careers"
960,Wynd,"Senior Sales Manager","Novotel Nusa Dua",Onsite,Unknown,Unknown,Sales,Unknown,Other,https://wynd.wd5.myworkdayjobs.com/job/Novotel-Nusa-Dua/Senior-Sales-Manager_R-111033-1,2026-08-06,New,0,"Wynd Careers"
961,Wynd,"Timeshare Sales Closer / Sales Manager","Novotel Nusa Dua",Onsite,Unknown,Unknown,Sales,Unknown,Other,https://wynd.wd5.myworkdayjobs.com/job/Novotel-Nusa-Dua/Timeshare-Sales-Closer---Sales-Manager_R-116324,2026-08-06,New,0,"Wynd Careers"
962,Wynd,"In-House Sales Representative",Atlanta,Onsite,Unknown,Unknown,Sales,Unknown,Other,https://wynd.wd5.myworkdayjobs.com/job/Atlanta/In-House-Sales-Representative_R-122466,2026-08-06,New,0,"Wynd Careers"
963,Wynd,"Regional Sales Manager- Global Rental Sales- Sports Illustrated Resorts","Sports Illustrated Chicago",Onsite,Unknown,Unknown,Sales,Unknown,Other,https://wynd.wd5.myworkdayjobs.com/job/Sports-Illustrated-Chicago/Regional-Sales-Manager--Global-Rental-Sales--Sports-Illustrated-Resorts_R-120844-1,2026-08-06,New,0,"Wynd Careers"
964,Wynd,"In House Marketing Coordinator, Grand Desert","Las Vegas area",Onsite,Unknown,Unknown,Marketing,Unknown,Other,https://wynd.wd5.myworkdayjobs.com/job/Las-Vegas-area/In-House-Marketing-Coordinator--Grand-Desert_R-115948,2026-08-06,New,0,"Wynd Careers"
965,Wynd,"Frontline Sales Representative - Pompano Beach","2 Locations",Onsite,Unknown,Unknown,Sales,Unknown,Other,https://wynd.wd5.myworkdayjobs.com/job/Pompano-area/Frontline-Sales-Representative---Pompano-Beach_R-118974-1,2026-08-06,New,0,"Wynd Careers"
966,Wynd,"Marketing Admin","Novotel Nusa Dua",Onsite,Unknown,Unknown,Marketing,Unknown,Other,https://wynd.wd5.myworkdayjobs.com/job/Novotel-Nusa-Dua/Marketing-Admin_R-119989,2026-08-06,New,0,"Wynd Careers"
967,Wynd,"Sr Sales Manager","San Francisco area",Onsite,Unknown,Unknown,Sales,Unknown,Other,https://wynd.wd5.myworkdayjobs.com/job/San-Francisco-area/Sr-Sales-Manager_R-119945,2026-08-06,New,0,"Wynd Careers"
968,Wynd,"Discovery Sales Representative - Club Wyndham Grand Desert","Las Vegas area",Onsite,Unknown,Unknown,Sales,Unknown,Other,https://wynd.wd5.myworkdayjobs.com/job/Las-Vegas-area/Discovery-Sales-Representative---Club-Wyndham-Grand-Desert_R-115883,2026-08-06,New,0,"Wynd Careers"
969,Wynd,"In House Marketing Coordinator, Desert Blue","Las Vegas area",Onsite,Unknown,Unknown,Marketing,Unknown,Other,https://wynd.wd5.myworkdayjobs.com/job/Las-Vegas-area/In-House-Marketing-Coordinator--Desert-Blue_R-116235-1,2026-08-06,New,0,"Wynd Careers"
970,Wynd,"In House Marketing Coordinator - WorldMark Las Vegas Boulevard","Las Vegas area",Onsite,Unknown,Unknown,Marketing,Unknown,Other,https://wynd.wd5.myworkdayjobs.com/job/Las-Vegas-area/In-House-Marketing-Coordinator---WorldMark-Las-Vegas-Boulevard_R-115946,2026-08-06,New,0,"Wynd Careers"
971,Wynd,"In House Sales Representative - Club Wyndham Grand Desert","Las Vegas area",Onsite,Unknown,Unknown,Sales,Unknown,Other,https://wynd.wd5.myworkdayjobs.com/job/Las-Vegas-area/In-House-Sales-Representative---Club-Wyndham-Grand-Desert_R-115882,2026-08-06,New,0,"Wynd Careers"
972,Wynd,"Agent, Community Marketing Program - Las Vegas Area","Las Vegas area",Onsite,Unknown,Unknown,Marketing,Unknown,Other,https://wynd.wd5.myworkdayjobs.com/job/Las-Vegas-area/Agent--Community-Marketing-Program---Las-Vegas-Area_R-116144,2026-08-06,New,0,"Wynd Careers"
973,"Legends Global","Corporate Partnership & Premium Sales Manager","Stockton, CA",Onsite,Unknown,Unknown,Sales,Unknown,Other,https://asmglobal.wd1.myworkdayjobs.com/job/Stockton-CA/Corporate-Partnership---Premium-Sales-Manager_R100123374-1,2026-08-06,New,0,"Legends Global Careers"
974,"Legends Global","Group Sales Representative - Georgia Tech","Atlanta, GA",Onsite,Unknown,Unknown,Sales,Unknown,Other,https://asmglobal.wd1.myworkdayjobs.com/job/Atlanta-GA/Group-Sales-Representative---Georgia-Tech_R100122712,2026-08-06,New,0,"Legends Global Careers"
975,Livenation,"LN Venues, Special Events Sales Manager - Tabernacle","Atlanta, GA, USA",Onsite,Unknown,Unknown,Sales,Unknown,Other,https://livenation.wd503.myworkdayjobs.com/job/Atlanta-GA-USA/LN-Venues--Sales-Manager---Tabernacle_JR-92186,2026-08-06,New,0,"Livenation Careers"
976,Livenation,"LN Venues, Senior Special Events Sales Manager - House of Blues New Orleans","New Orleans, LA, USA",Onsite,Unknown,Unknown,Sales,Unknown,Other,https://livenation.wd503.myworkdayjobs.com/job/New-Orleans-LA-USA/LN-Venues--Sr-Sales-Manager---House-of-Blues-New-Orleans_JR-92240,2026-08-06,New,0,"Livenation Careers"
977,Livenation,"Ancillary Sales representative","Scranton, PA, USA",Onsite,Unknown,Unknown,Sales,Unknown,Other,https://livenation.wd503.myworkdayjobs.com/job/Scranton-PA-USA/Ancillary-Sales-representative_JR-87961,2026-08-06,New,0,"Livenation Careers"
978,Cvshealth,"Hybrid Field Sales Representative - Medicare (Harrisburg/Erie/Pittsburg/NEPA PA)","6 Locations",Hybrid,Unknown,Unknown,Sales,Unknown,Other,https://cvshealth.wd1.myworkdayjobs.com/job/Field-Pennsylvania/Hybrid-Field-Sales-Representative---Medicare--OH--IL--PA--TX--FL--MO-_R0874437,2026-08-06,New,0,"Cvshealth Careers"
979,Coinbase,"Staff Analytics Engineer, Compliance Data","Remote - USA",Onsite,Unknown,Unknown,Analytics,Unknown,"Data Analytics",https://www.coinbase.com/careers/positions/8104148?gh_jid=8104148,2026-08-07,New,0,"Coinbase Careers"
980,Arcticwolf,"Field Marketing Manager - North Central","2 Locations",Onsite,Unknown,Unknown,Marketing,Unknown,Other,https://arcticwolf.wd1.myworkdayjobs.com/job/Eden-Prairie-MN-USA/Field-Marketing-Manager---North-Central_R26_878,2026-08-07,New,0,"Arcticwolf Careers"
981,Tines,"Strategic Account Executive ","United States (Remote)",Onsite,Unknown,Unknown,Sales,Unknown,Sales,https://job-boards.greenhouse.io/tines/jobs/6123481004,2026-08-07,Applied,0,"Tines Careers"
982,A-Lign,"Account Executive, New Logo - Enterprise","United States – Remote",Onsite,Unknown,Unknown,Sales,Unknown,Sales,https://job-boards.greenhouse.io/align/jobs/8045085002,2026-08-07,New,0,"A-Lign Careers"
983,A-Lign,"Account Executive, New Logo - SMB","United States - Remote",Onsite,Unknown,Unknown,Sales,Unknown,Sales,https://job-boards.greenhouse.io/align/jobs/8624402002,2026-08-07,New,0,"A-Lign Careers"
984,A-Lign,"Marketing Operations Analyst","United States - Remote",Onsite,Unknown,Unknown,Marketing,Unknown,Marketing,https://job-boards.greenhouse.io/align/jobs/8647023002,2026-08-07,Applied,0,"A-Lign Careers"
985,A-Lign,"Senior Sales Operations Manager","United States - Remote",Onsite,Unknown,Unknown,Sales,Unknown,Operations,https://job-boards.greenhouse.io/align/jobs/8652216002,2026-08-07,New,0,"A-Lign Careers"
986,Tensorwave,"Technical Program Manager","Las Vegas, Nevada",Onsite,Unknown,Unknown,Unknown,Unknown,Other,https://jobs.ashbyhq.com/tensorwave/c6531b4f-7c5c-4588-85c9-08d340437e60,2026-08-07,New,0,"Tensorwave Careers"
987,Tensorwave,"Construction Project Manager (Data Center)",Remote,Onsite,Unknown,Unknown,Analytics,Unknown,Other,https://jobs.ashbyhq.com/tensorwave/405c9c63-9302-433d-8e9b-b146d70e20aa,2026-08-07,New,0,"Tensorwave Careers"
988,Tensorwave,"Senior Performance Marketing Manager","Las Vegas, Nevada",Onsite,Unknown,Unknown,Marketing,Unknown,Other,https://jobs.ashbyhq.com/tensorwave/12b1f28d-d33b-4371-9395-5a032d28691a,2026-08-07,New,0,"Tensorwave Careers"
989,Tensorwave,"Technical Program Manager, Data Center Operations","Las Vegas, Nevada",Onsite,Unknown,Unknown,Analytics,Unknown,Operations,https://jobs.ashbyhq.com/tensorwave/fe1a2141-8902-4da0-af29-9602152444e1,2026-08-07,New,0,"Tensorwave Careers"
990,Tensorwave,"Technical Account Manager ","Las Vegas, Nevada",Onsite,Unknown,Unknown,Unknown,Unknown,Sales,https://jobs.ashbyhq.com/tensorwave/5dba4c18-ca09-48aa-8d9d-3ec29235ca5d,2026-08-07,Applied,0,"Tensorwave Careers"
991,Livenation,"Senior Analyst, Internal Audit","New York, NY, USA",Onsite,Unknown,Unknown,Analytics,Unknown,Other,https://livenation.wd503.myworkdayjobs.com/job/New-York-NY-USA/Senior-Analyst--Internal-Audit_JR-92296-1,2026-08-07,New,0,"Livenation Careers"
992,Livenation,"Senior Program Manager – Strategic Programs","Beverly Hills, CA, USA",Onsite,Unknown,Unknown,Unknown,Unknown,Other,https://livenation.wd503.myworkdayjobs.com/job/Beverly-Hills-CA-USA/Senior-Program-Manager---Strategic-Programs_JR-91903,2026-08-07,New,0,"Livenation Careers"
993,Cvshealth,"Account Management Analyst - West Region","5 Locations",Onsite,Unknown,Unknown,Analytics,Unknown,Other,https://cvshealth.wd1.myworkdayjobs.com/job/AZ---Scottsdale/Account-Management-Analyst---West-Region_R1002796-1,2026-08-07,Applied,0,"Cvshealth Careers"
994,Cvshealth,"Account Manager - Group Medical","42 Locations",Onsite,Unknown,Unknown,Unknown,Unknown,Sales,https://cvshealth.wd1.myworkdayjobs.com/job/IL---Work-from-home/Manager--Account-Management_R0964014,2026-08-07,New,0,"Cvshealth Careers"
995,Cvshealth,"Pharmaceutical Reporting Senior Analyst","9 Locations",Onsite,Unknown,Unknown,Analytics,Unknown,"Data Analytics",https://cvshealth.wd1.myworkdayjobs.com/job/IL---Work-from-home/Pharmaceutical-Reporting-Senior-Analyst_R0951898-1,2026-08-07,New,0,"Cvshealth Careers"
996,Cvshealth,"Journey Activation and Optimization Analyst","2 Locations",Onsite,Unknown,Unknown,Analytics,Unknown,Other,https://cvshealth.wd1.myworkdayjobs.com/job/RI---Woonsocket/Journey-Activation-and-Optimization-Analyst_R0976924,2026-08-07,Applied,0,"Cvshealth Careers"
997,Cvshealth,"Senior Analyst, FP&A - DDAT","5 Locations",Onsite,Unknown,Unknown,Analytics,Unknown,Other,https://cvshealth.wd1.myworkdayjobs.com/job/RI---Cumberland/Senior-Analyst--FP-A---DDAT_R0982350,2026-08-07,New,0,"Cvshealth Careers"
998,Cvshealth,"Senior Analyst, Underwriter","4 Locations",Onsite,Unknown,Unknown,Analytics,Unknown,Other,https://cvshealth.wd1.myworkdayjobs.com/job/CT---Hartford/Senior-Analyst--Underwriter_R0998638,2026-08-07,New,0,"Cvshealth Careers"
999,Cvshealth,"Meritain Account Executive, Alternative Health & Advocacy COE","9 Locations",Onsite,Unknown,Unknown,Sales,Unknown,Sales,https://cvshealth.wd1.myworkdayjobs.com/job/NY---Amherst/Meritain-Account-Executive--Alternative-Health---Advocacy-COE_R0978201,2026-08-07,New,0,"Cvshealth Careers"
1000,Wonder,"Account Manager, Enterprise","2 Locations",Onsite,Unknown,Unknown,Unknown,Unknown,Sales,https://wonder.wd1.myworkdayjobs.com/job/Chicago/Account-Manager--Enterprise_JR101265-1,2026-08-09,New,0,"Wonder Careers"
1001,Arcticwolf,"Senior Governance, Risk, & Compliance Analyst","2 Locations",Onsite,Unknown,Unknown,Analytics,Unknown,Other,https://arcticwolf.wd1.myworkdayjobs.com/job/Remote-United-States/Senior-Governance--Risk----Compliance-Analyst_R26_880,2026-08-09,New,0,"Arcticwolf Careers"
1002,Stripe,"Account Executive, Enterprise (Grower) ","US-San Francisco, US-Seattle, US-West Coast (Remote) ",Onsite,Unknown,Unknown,Sales,Unknown,Sales,https://stripe.com/jobs/search?gh_jid=8107136,2026-08-10,New,0,"Stripe Careers"
1003,Stripe,"Account Executive, SMB (Benelux)","Dublin, Ireland",Onsite,Unknown,Unknown,Sales,Unknown,Sales,https://stripe.com/jobs/search?gh_jid=8114157,2026-08-10,New,0,"Stripe Careers"
1004,DoorDash,"Account Manager, New Verticals","New York, NY; San Francisco, CA; Los Angeles, CA; Chicago, IL; Atlanta, GA",Onsite,Unknown,Unknown,Unknown,Unknown,Sales,https://job-boards.greenhouse.io/doordashusa/jobs/8119389,2026-08-10,New,0,"DoorDash Careers"
1005,Kapitus,"Account Executive, Renewal Sales","Remote- Eastern Time- US - New York, New Jersey, Connecticut ",Onsite,Unknown,Unknown,Sales,Unknown,Sales,https://job-boards.greenhouse.io/kapitus/jobs/4238404009,2026-08-10,New,0,"Kapitus Careers"
1006,Kapitus,"Account Executive, Renewal Sales ","Remote- Eastern Time- US -New York, New Jersey, Connecticut ",Onsite,Unknown,Unknown,Sales,Unknown,Sales,https://job-boards.greenhouse.io/kapitus/jobs/4209521009,2026-08-10,New,0,"Kapitus Careers"
1007,Magnitudesoftware,"Business Development Representative","12 Locations",Onsite,Unknown,Unknown,Sales,Unknown,Sales,https://magnitudesoftware.wd1.myworkdayjobs.com/job/Germany---Remote/Business-Development-Representative_REQ000984-1,2026-08-10,New,0,"Magnitudesoftware Careers"
1008,Magnitudesoftware,"Marketing Manager","Australia - New South Wales - Sydney",Onsite,Unknown,Unknown,Marketing,Unknown,Other,https://magnitudesoftware.wd1.myworkdayjobs.com/job/Australia---New-South-Wales---Sydney/Marketing-Manager_REQ000943,2026-08-10,New,0,"Magnitudesoftware Careers"
1009,Magnitudesoftware,"Enterprise Account Executive","USA - Remote",Onsite,Unknown,Unknown,Sales,Unknown,Sales,https://magnitudesoftware.wd1.myworkdayjobs.com/job/USA---Remote/Enterprise-Account-Executive_REQ001002,2026-08-10,New,0,"Magnitudesoftware Careers"
1010,Magnitudesoftware,"Mid-Market Account Manager","USA - Remote",Onsite,Unknown,Unknown,Unknown,Unknown,Sales,https://magnitudesoftware.wd1.myworkdayjobs.com/job/USA---Remote/Mid-Market-Account-Manager_REQ001005,2026-08-10,New,0,"Magnitudesoftware Careers"
1011,Magnitudesoftware,"Tax Analyst","2 Locations",Onsite,Unknown,Unknown,Analytics,Unknown,Other,https://magnitudesoftware.wd1.myworkdayjobs.com/job/USA---Remote---North-Carolina/Tax-Analyst_REQ000973,2026-08-10,New,0,"Magnitudesoftware Careers"
1012,Magnitudesoftware,"Partner Marketing Manager","UK - Remote",Onsite,Unknown,Unknown,Marketing,Unknown,Other,https://magnitudesoftware.wd1.myworkdayjobs.com/job/UK---Remote/Partner-Marketing-Manager_REQ000982,2026-08-10,New,0,"Magnitudesoftware Careers"
1013,Magnitudesoftware,"Senior Analyst, Total Rewards","USA - Remote",Onsite,Unknown,Unknown,Analytics,Unknown,Other,https://magnitudesoftware.wd1.myworkdayjobs.com/job/USA---Remote/Senior-Analyst--Total-Rewards_REQ000939,2026-08-10,New,0,"Magnitudesoftware Careers"
1014,Magnitudesoftware,"Business Development Representative (German Speaking)","Ireland - Remote",Onsite,Unknown,Unknown,Sales,Unknown,Sales,https://magnitudesoftware.wd1.myworkdayjobs.com/job/Ireland---Remote/Business-Development-Representative--German-Speaking-_REQ000990,2026-08-10,New,0,"Magnitudesoftware Careers"
1015,Magnitudesoftware,"Senior Analyst — Sourcing","2 Locations",Onsite,Unknown,Unknown,Analytics,Unknown,Other,https://magnitudesoftware.wd1.myworkdayjobs.com/job/India---Bangalore/Senior-Analyst---Sourcing_REQ000897,2026-08-10,New,0,"Magnitudesoftware Careers"
1016,Magnitudesoftware,"Account Executive, Equity Management","USA - Remote",Onsite,Unknown,Unknown,Sales,Unknown,Sales,https://magnitudesoftware.wd1.myworkdayjobs.com/job/USA---Remote/Account-Executive--Equity-Management_REQ000789,2026-08-10,New,0,"Magnitudesoftware Careers"
1017,Magnitudesoftware,"Senior Director, Pricing & Analytics","USA - Remote",Onsite,Unknown,Unknown,Analytics,Unknown,"Data Analytics",https://magnitudesoftware.wd1.myworkdayjobs.com/job/USA---Remote/Senior-Director--Pricing---Analytics_REQ000935,2026-08-10,New,0,"Magnitudesoftware Careers"
1018,Magnitudesoftware,"Growth Marketing Manager","USA - Remote",Onsite,Unknown,Unknown,Marketing,Unknown,Marketing,https://magnitudesoftware.wd1.myworkdayjobs.com/job/USA---Remote/Growth-Marketing-Manager_REQ000831,2026-08-10,New,0,"Magnitudesoftware Careers"
1019,Magnitudesoftware,"SEO Analyst","USA - Remote",Onsite,Unknown,Unknown,Marketing,Unknown,Other,https://magnitudesoftware.wd1.myworkdayjobs.com/job/USA---Remote/SEO-Analyst_REQ000766,2026-08-10,New,0,"Magnitudesoftware Careers"
1020,Magnitudesoftware,"Senior Sales Operations Analyst","USA - Remote",Onsite,Unknown,Unknown,Sales,Unknown,Operations,https://magnitudesoftware.wd1.myworkdayjobs.com/job/USA---Remote/Senior-Sales-Operations-Analyst_REQ000736-1,2026-08-10,New,0,"Magnitudesoftware Careers"
1021,Magnitudesoftware,"Senior Enterprise Account Manager","Netherlands - Gouda",Onsite,Unknown,Unknown,Unknown,Unknown,Sales,https://magnitudesoftware.wd1.myworkdayjobs.com/job/Netherlands---Gouda/Senior-Enterprise-Account-Manager_REQ000510,2026-08-10,New,0,"Magnitudesoftware Careers"
1022,Magnitudesoftware,"Enterprise Account Executive - Benelux","Netherlands - Gouda",Onsite,Unknown,Unknown,Sales,Unknown,Sales,https://magnitudesoftware.wd1.myworkdayjobs.com/job/Netherlands---Gouda/Enterprise-Account-Executive---UK-Ireland-Benelux_REQ000497,2026-08-10,New,0,"Magnitudesoftware Careers"
1023,Magnitudesoftware,"Transformation Project Manager","USA - North Carolina - Raleigh",Onsite,Unknown,Unknown,Unknown,Unknown,Other,https://magnitudesoftware.wd1.myworkdayjobs.com/job/USA---North-Carolina---Raleigh/Transformation-Project-Manager_REQ000327-1,2026-08-10,New,0,"Magnitudesoftware Careers"
1024,Magnitudesoftware,"Enterprise Account Manager","USA - Remote",Onsite,Unknown,Unknown,Unknown,Unknown,Sales,https://magnitudesoftware.wd1.myworkdayjobs.com/job/USA---Remote/Enterprise-Account-Manager_REQ000281,2026-08-10,New,0,"Magnitudesoftware Careers"
1025,Magnitudesoftware,"SMB & Mid-Market Account Executive","USA - Remote",Onsite,Unknown,Unknown,Sales,Unknown,Sales,https://magnitudesoftware.wd1.myworkdayjobs.com/job/USA---Remote/SMB---Mid-Market-Account-Executive_REQ000277,2026-08-10,New,0,"Magnitudesoftware Careers"
1026,Magnitudesoftware,"SMB & Mid-Market Account Manager","USA - Remote",Onsite,Unknown,Unknown,Unknown,Unknown,Sales,https://magnitudesoftware.wd1.myworkdayjobs.com/job/USA---Remote/SMB---Mid-Market-Account-Manager_REQ000280,2026-08-10,New,0,"Magnitudesoftware Careers"
1027,Wynd,"Vacation Sales Agent Sea World","SeaWorld/Busch Gardens San Diego",Onsite,Unknown,Unknown,Sales,Unknown,Other,https://wynd.wd5.myworkdayjobs.com/job/SeaWorldBusch-Gardens-San-Diego/Vacation-Sales-Agent-Sea-World_R-126866,2026-08-10,New,0,"Wynd Careers"
1028,Livenation,"LN Concerts, Analytics Analyst","Beverly Hills, CA, USA",Onsite,Unknown,Unknown,Analytics,Unknown,"Data Analytics",https://livenation.wd503.myworkdayjobs.com/job/Beverly-Hills-CA-USA/LN-Concerts--Analytics-Analyst_JR-92289,2026-08-10,New,0,"Livenation Careers"
1029,Livenation,"LN Venues, Director of Premium Sales & Services Regional Business Development - Washington D.C.","Washington, DC, USA",Onsite,Unknown,Unknown,Sales,Unknown,Sales,https://livenation.wd503.myworkdayjobs.com/job/Washington-DC-USA/LN-Venues--Director-of-Premium-Sales---Services-Regional-Business-Development---Washington-DC_JR-92329,2026-08-10,New,0,"Livenation Careers"
1030,Cvshealth,"Sr Analyst, Analytics and Insights, Corp Communications-1","10 Locations",Onsite,Unknown,Unknown,Analytics,Unknown,"Data Analytics",https://cvshealth.wd1.myworkdayjobs.com/job/NY---Work-from-hom/Sr-Analyst--Analytics-and-Insights--Corp-Communications-1_R0993683-1,2026-08-10,New,0,"Cvshealth Careers"
1031,Cvshealth,"Sr. Mgr, Business Analytics - Zinc","6 Locations",Onsite,Unknown,Unknown,Analytics,Unknown,"Data Analytics",https://cvshealth.wd1.myworkdayjobs.com/job/IL---Northbrook/Sr-Mgr--Business-Analytics---Zinc_R0947350,2026-08-10,New,0,"Cvshealth Careers"
1032,Cvshealth,"Senior Analyst, Operational Excellence (Industrial Engineering & Labor Management Systems)","FL - Orlando",Onsite,Unknown,Unknown,Analytics,excel,Other,https://cvshealth.wd1.myworkdayjobs.com/job/FL---Orlando/Senior-Analyst--Operational-Excellence--Industrial-Engineering---Labor-Management-Systems-_R0976855,2026-08-10,New,0,"Cvshealth Careers"
1033,Airbnb,"Staff, Advanced Analytics, Incubations","United States",Onsite,Unknown,Unknown,Analytics,Unknown,"Data Analytics",https://careers.airbnb.com/positions/7822824?gh_jid=7822824,2026-08-10,New,0,"Airbnb Careers"
1034,DoorDash,"Account Manager, CPG Enterprise Ad Sales","Chicago, IL",Onsite,Unknown,Unknown,Sales,Unknown,Sales,https://job-boards.greenhouse.io/doordashusa/jobs/8114531,2026-08-10,New,0,"DoorDash Careers"
1035,DoorDash,"Associate Manager, DashMart - Network Strategy & Analytics","San Francisco, CA; Los Angeles, CA; Seattle, WA; Denver, CO; Chicago, IL; Phoenix, AZ; Washington, DC; New York, NY",Onsite,Unknown,Unknown,Analytics,Unknown,"Data Analytics",https://job-boards.greenhouse.io/doordashusa/jobs/7793527,2026-08-10,New,0,"DoorDash Careers"
1036,Stripe,"Account Executive, Product Sales, Billing (Hunter) ",US-SF-HQ,Onsite,Unknown,Unknown,Sales,Unknown,Sales,https://stripe.com/jobs/search?gh_jid=8029043,2026-08-10,New,0,"Stripe Careers"
1037,Stripe,"Account Executive, Product Sales (Data) ","US-SF-HQ, US-NYC, US-CHI, US-SEA",Onsite,Unknown,Unknown,Sales,Unknown,Sales,https://stripe.com/jobs/search?gh_jid=8114738,2026-08-10,New,0,"Stripe Careers"
1038,Stripe,"Enterprise Account Executive - Hunter",Auckland,Onsite,Unknown,Unknown,Sales,Unknown,Sales,https://stripe.com/jobs/search?gh_jid=8109607,2026-08-10,New,0,"Stripe Careers"
1039,Playlist,"Corporate Account Executive-Boston","United States",Onsite,Unknown,Unknown,Sales,Unknown,Sales,https://www.playlist.com/careers/opportunities/4703709006?gh_jid=4703709006,2026-08-10,New,0,"Playlist Careers"
1040,Playlist,"Corporate Account Executive-San Diego","United States",Onsite,Unknown,Unknown,Sales,Unknown,Sales,https://www.playlist.com/careers/opportunities/4703703006?gh_jid=4703703006,2026-08-10,New,0,"Playlist Careers"
1041,Playlist,"Corporate Account Executive- San Francisco","United States",Onsite,Unknown,Unknown,Sales,Unknown,Sales,https://www.playlist.com/careers/opportunities/4703671006?gh_jid=4703671006,2026-08-10,New,0,"Playlist Careers"
1042,Playlist,"Strategic Corporate Account Executive","United States",Onsite,Unknown,Unknown,Sales,Unknown,Sales,https://www.playlist.com/careers/opportunities/4703727006?gh_jid=4703727006,2026-08-10,New,0,"Playlist Careers"
1043,Coinbase,"Senior Product Marketing Manager, Trading ","Remote - USA",Onsite,Unknown,Unknown,Marketing,Unknown,Other,https://www.coinbase.com/careers/positions/8077090?gh_jid=8077090,2026-08-10,New,0,"Coinbase Careers"
1044,Wynd,"Community Marketing Sales Agent - Parks","Orlando area",Onsite,Unknown,Unknown,Marketing,Unknown,Other,https://wynd.wd5.myworkdayjobs.com/job/Orlando-area/Community-Marketing-Sales-Agent---Parks_R-126977,2026-08-10,New,0,"Wynd Careers"
1045,Cvshealth,"Case Management Analyst - Field in Northern Virginia","3 Locations",Onsite,Unknown,Unknown,Analytics,Unknown,Other,https://cvshealth.wd1.myworkdayjobs.com/job/VA---Arlington/Case-Management-Analyst---Field-in-Northern-Virginia_R0987623,2026-08-10,New,0,"Cvshealth Careers"
1046,DoorDash,"Senior Manager, Ads & Promotions Analytics","San Francisco, CA; Sunnyvale, CA; Seattle, WA; New York, NY; Los Angeles, CA; Chicago, IL",Onsite,Unknown,Unknown,Analytics,Unknown,"Data Analytics",https://job-boards.greenhouse.io/doordashusa/jobs/7454878,2026-08-12,New,0,"DoorDash Careers"
1047,DoorDash,"Senior Manager, Core Consumer Analytics","San Francisco, CA; Sunnyvale, CA; Seattle, WA; New York, NY; Los Angeles, CA; Chicago, IL",Onsite,Unknown,Unknown,Analytics,Unknown,"Data Analytics",https://job-boards.greenhouse.io/doordashusa/jobs/8122187,2026-08-12,New,0,"DoorDash Careers"
1048,Stripe,"Account Executive, Commercial (Grower)",Chicago,Onsite,Unknown,Unknown,Sales,Unknown,Sales,https://stripe.com/jobs/search?gh_jid=8123027,2026-08-12,New,0,"Stripe Careers"
1049,Stripe,"Account Executive, Enterprise (Canada) ","CA-Toronto, CA-Montreal, CA-Vancouver ",Onsite,Unknown,Unknown,Sales,Unknown,Sales,https://stripe.com/jobs/search?gh_jid=8119822,2026-08-12,New,0,"Stripe Careers"
1050,Stripe,"Account Executive, Funded Startups (Grower)",Chicago,Onsite,Unknown,Unknown,Sales,Unknown,Sales,https://stripe.com/jobs/search?gh_jid=8017336,2026-08-12,New,0,"Stripe Careers"
1051,Databricks,"Enterprise Account Executive - Public Sector","Remote - United Kingdom",Onsite,Unknown,Unknown,Sales,Unknown,Sales,https://databricks.com/company/careers/open-positions/job?gh_jid=8569540002,2026-08-12,New,0,"Databricks Careers"
1052,Arcticwolf,"Sales Development Representative - Dutch speaker","Newcastle, GBR",Onsite,Unknown,Unknown,Sales,Unknown,Sales,https://arcticwolf.wd1.myworkdayjobs.com/job/Newcastle-GBR/Sales-Development-Representative---Dutch-speaker_R26_894,2026-08-12,New,0,"Arcticwolf Careers"
1053,Magnitudesoftware,"Manager, Business Development","USA - Remote",Onsite,Unknown,Unknown,Sales,Unknown,Sales,https://magnitudesoftware.wd1.myworkdayjobs.com/job/USA---Remote/Manager--Business-Development_REQ001068,2026-08-12,New,0,"Magnitudesoftware Careers"
1054,Magnitudesoftware,"Mid Market Account Executive","USA - Remote",Onsite,Unknown,Unknown,Sales,Unknown,Sales,https://magnitudesoftware.wd1.myworkdayjobs.com/job/USA---Remote/Mid-Market-Account-Executive_REQ001009,2026-08-12,New,0,"Magnitudesoftware Careers"
1055,Wynd,"Senior Analyst, Digital Growth","Orlando Corporate Headquarters",Onsite,Unknown,Unknown,Marketing,Unknown,Marketing,https://wynd.wd5.myworkdayjobs.com/job/Orlando-Corporate-Headquarters/Senior-Analyst--Digital-Growth_R-126840,2026-08-12,New,0,"Wynd Careers"
1056,Wynd,"Sales Representative Frontline Bonnet Creek","Orlando area",Onsite,Unknown,Unknown,Sales,Unknown,Other,https://wynd.wd5.myworkdayjobs.com/job/Orlando-area/Sales-Representative-Frontline-Bonnet-Creek_R-127025,2026-08-12,New,0,"Wynd Careers"
1057,Wynd,"Frontline Sales Manager - Grand Desert, Las Vegas","Las Vegas area",Onsite,Unknown,Unknown,Sales,Unknown,Other,https://wynd.wd5.myworkdayjobs.com/job/Las-Vegas-area/Frontline-Sales-Manager---Grand-Desert--Las-Vegas_R-127023,2026-08-12,New,0,"Wynd Careers"
1058,Livenation,"Senior Marketing Manager Marketplace Growth and Demand","ZA Cape Town - Unit 1D, Matrix Building",Onsite,Unknown,Unknown,Marketing,Unknown,Marketing,https://livenation.wd503.myworkdayjobs.com/job/ZA-Cape-Town---Unit-1D-Matrix-Building/Senior-Marketing-Manager-Marketplace-Growth-and-Demand_JR-90320-1,2026-08-12,New,0,"Livenation Careers"
1059,Livenation,"LN Concerts, Regional Marketing Coordinator","Houston, TX, USA",Onsite,Unknown,Unknown,Marketing,Unknown,Other,https://livenation.wd503.myworkdayjobs.com/job/Houston-TX-USA/LN-Concerts--Regional-Marketing-Coordinator_JR-92290,2026-08-12,New,0,"Livenation Careers"
1060,Cvshealth,"Omnicare Analyst, Safety & Environment","KY - Glasgow",Onsite,Unknown,Unknown,Analytics,Unknown,Other,https://cvshealth.wd1.myworkdayjobs.com/job/KY---Glasgow/Omnicare-Analyst--Safety---Environment_R0980838,2026-08-12,New,0,"Cvshealth Careers"
1061,Cvshealth,"Encounters Technical Analyst","49 Locations",Onsite,Unknown,Unknown,Analytics,Unknown,Other,https://cvshealth.wd1.myworkdayjobs.com/job/AZ---Work-from-home/Encounters-Technical-Analyst_R0899993-1,2026-08-12,New,0,"Cvshealth Careers"
1062,Cvshealth,"Senior Analyst, Corporate Audit","RI - Cumberland",Onsite,Unknown,Unknown,Analytics,Unknown,Other,https://cvshealth.wd1.myworkdayjobs.com/job/RI---Cumberland/Senior-Analyst--Corporate-Audit_R1004059,2026-08-12,New,0,"Cvshealth Careers"
1063,Cvshealth,"Lead Director, Commercial Product Analytics","50 Locations",Onsite,Unknown,Unknown,Analytics,Unknown,"Data Analytics",https://cvshealth.wd1.myworkdayjobs.com/job/CT---Hartford/Lead-Director--Commercial-Product-Analytics_R0990433-1,2026-08-12,New,0,"Cvshealth Careers"
1064,Cvshealth,"Senior Provider Experience Program Manager - Healthcare Claims","35 Locations",Onsite,Unknown,Unknown,Unknown,Unknown,Other,https://cvshealth.wd1.myworkdayjobs.com/job/Work-At-Home-Massachusetts/Senior-Manager---Provider-Experience-Program_R0909170,2026-08-12,New,0,"Cvshealth Careers"
1065,Cvshealth,"Bilingual Case Management Analyst - Field in North Miami, FL","6 Locations",Onsite,Unknown,Unknown,Analytics,Unknown,Other,https://cvshealth.wd1.myworkdayjobs.com/job/FL---North-Miami/Bilingual-Case-Management-Analyst---Field-in-North-Miami--FL_R0990224,2026-08-12,New,0,"Cvshealth Careers"
1066,DoorDash,"Senior Manager, Analytics, Customer Experience","San Francisco, CA; Sunnyvale, CA; Seattle, WA; New York, NY; Los Angeles, CA; Chicago, IL",Onsite,Unknown,Unknown,Analytics,Unknown,"Data Analytics",https://job-boards.greenhouse.io/doordashusa/jobs/8127960,2026-08-13,New,0,"DoorDash Careers"
1067,Stripe,"Account Executive, Funded Startups — Hunter, Italy",Milan,Onsite,Unknown,Unknown,Sales,Unknown,Sales,https://stripe.com/jobs/search?gh_jid=8121419,2026-08-13,New,0,"Stripe Careers"
1068,Stripe,"Account Executive, Startups (Grower)",Chicago,Onsite,Unknown,Unknown,Sales,Unknown,Sales,https://stripe.com/jobs/search?gh_jid=8068565,2026-08-13,New,0,"Stripe Careers"
1069,Playlist,"Corporate Account Executive-Houston","United States",Onsite,Unknown,Unknown,Sales,Unknown,Sales,https://www.playlist.com/careers/opportunities/4705061006?gh_jid=4705061006,2026-08-13,New,0,"Playlist Careers"
1070,Pinterest,"Sr. Client Account Manager, Tractor Supply & Paint","Atlanta, GA, US",Onsite,Unknown,Unknown,Unknown,Unknown,Sales,https://www.pinterestcareers.com/jobs/?gh_jid=8107543,2026-08-13,New,0,"Pinterest Careers"
1071,Wonder,"Associate Account Manager, SMB",Chicago,Onsite,Unknown,Unknown,Unknown,Unknown,Sales,https://wonder.wd1.myworkdayjobs.com/job/Chicago/Associate-Account-Manager--SMB_JR101292,2026-08-13,New,0,"Wonder Careers"
1072,Wonder,"Business Development Representative (Phoenix)","Remote - Arizona Tier 3",Onsite,Unknown,Unknown,Sales,Unknown,Sales,https://wonder.wd1.myworkdayjobs.com/job/Remote---Arizona-Tier-3/Business-Development-Representative--Phoenix-_JR101277,2026-08-13,New,0,"Wonder Careers"
1073,Databricks,"Enterprise Account Executive - CMEG ","Boston, Massachusetts",Onsite,Unknown,Unknown,Sales,Unknown,Sales,https://databricks.com/company/careers/open-positions/job?gh_jid=8695183002,2026-08-13,New,0,"Databricks Careers"
1074,Databricks,"Enterprise Account Executive, State and Local","Southeast - United States",Onsite,Unknown,Unknown,Sales,Unknown,Sales,https://databricks.com/company/careers/open-positions/job?gh_jid=8604250002,2026-08-13,New,0,"Databricks Careers"
1075,Databricks,"Geo Core Account Executive, Central America & Caribbean","Florida, United States",Onsite,Unknown,Unknown,Sales,Unknown,Sales,https://databricks.com/company/careers/open-positions/job?gh_jid=8707779002,2026-08-13,New,0,"Databricks Careers"
1076,Wynd,"Part Time Travel Vacation Sales Agent","Dallas area",Onsite,Unknown,Unknown,Sales,Unknown,Other,https://wynd.wd5.myworkdayjobs.com/job/Dallas-area/Part-Time-Travel-Vacation-Sales-Agent_R-126987,2026-08-13,New,0,"Wynd Careers"
1077,Wynd,"Assistant Marketing Manager, Las Vegas Community Marketing Program","Las Vegas area",Onsite,Unknown,Unknown,Marketing,Unknown,Other,https://wynd.wd5.myworkdayjobs.com/job/Las-Vegas-area/Assistant-Marketing-Manager--Las-Vegas-Community-Marketing-Program_R-127118,2026-08-13,New,0,"Wynd Careers"
1078,Wynd,"Front Line Sales Representative- Sports illustrated Icon Park","SIR Orlando",Onsite,Unknown,Unknown,Sales,Unknown,Other,https://wynd.wd5.myworkdayjobs.com/job/SIR-Orlando/Front-Line-Sales-Representative--Sports-illustrated-Icon-Parc_R-127094,2026-08-13,New,0,"Wynd Careers"
1079,Livenation,"Insomniac - Creative Project Coordinator","Calabasas, CA, USA",Onsite,Unknown,Unknown,Unknown,Unknown,Other,https://livenation.wd503.myworkdayjobs.com/job/Calabasas-CA-USA/Insomniac---Creative-Project-Coordinator_JR-92256-1,2026-08-13,New,0,"Livenation Careers"
1080,Cvshealth,"Senior Analyst, Sales Executive (Atlanta, GA)","GA - Atlanta",Onsite,Unknown,Unknown,Sales,Unknown,Other,https://cvshealth.wd1.myworkdayjobs.com/job/GA---Atlanta/Senior-Analyst--Sales-Executive--Atlanta--GA-_R0819370-1,2026-08-13,New,0,"Cvshealth Careers"
1081,Cvshealth,"Senior Data Scientist - PBM Analytics","2 Locations",Onsite,Unknown,Unknown,Analytics,Unknown,"Data Analytics",https://cvshealth.wd1.myworkdayjobs.com/job/NY---New-York/Sr-Data-Scientist---PBM-Analytics_R0950853,2026-08-13,New,0,"Cvshealth Careers"
1082,Cvshealth,"Senior Analyst, Provider Relations MAPL Focus (Metro NY)","22 Locations",Onsite,Unknown,Unknown,Analytics,Unknown,Other,https://cvshealth.wd1.myworkdayjobs.com/job/NY---New-York/Senior-Analyst--Provider-Relations-MAPL-Focus--Metro-NY-_R0947777,2026-08-13,New,0,"Cvshealth Careers"
1083,Cvshealth,"Director Business Management & Data Products – Growth Analytics","51 Locations",Onsite,Unknown,Unknown,Marketing,Unknown,"Data Analytics",https://cvshealth.wd1.myworkdayjobs.com/job/NY---New-York/Director-Business-Management---Data-Products---Growth-Analytics_R0958755,2026-08-13,New,0,"Cvshealth Careers"
1084,Cvshealth,"Healthcare Medicaid Risk Adjustment Analytics, Senior Manager Remote","49 Locations",Remote,Unknown,Unknown,Analytics,Unknown,"Data Analytics",https://cvshealth.wd1.myworkdayjobs.com/job/Work-At-Home-Massachusetts/Senior-Informatics-Manager--Risk-Adjustment-Analytics-Remote_R0936876,2026-08-13,New,0,"Cvshealth Careers"
1085,Cvshealth,"Aspect Performance Mgmt (APM) Project Manager","13 Locations",Onsite,Unknown,Unknown,Unknown,Unknown,Other,https://cvshealth.wd1.myworkdayjobs.com/job/IL---Work-from-home/Aspect-Performance-Mgmt--APM--Project-Manager_R0999985,2026-08-13,New,0,"Cvshealth Careers"
1086,Airbnb,"Associate Principal, Strategic Finance & Analytics","United States ",Onsite,Unknown,Unknown,Analytics,Unknown,"Data Analytics",https://careers.airbnb.com/positions/8043588?gh_jid=8043588,2026-08-13,New,0,"Airbnb Careers"
1087,Airbnb,"Lead, Advanced Analytics, Community Support","United States",Onsite,Unknown,Unknown,Analytics,Unknown,"Data Analytics",https://careers.airbnb.com/positions/8125981?gh_jid=8125981,2026-08-13,New,0,"Airbnb Careers"
1088,Airbnb,"Senior Analyst Advanced Analytics","United States",Onsite,Unknown,Unknown,Analytics,Unknown,"Data Analytics",https://careers.airbnb.com/positions/7960519?gh_jid=7960519,2026-08-13,New,0,"Airbnb Careers"
1089,Airbnb,"Senior Data Engineer, People Analytics","United States",Onsite,Unknown,Unknown,Analytics,Unknown,"Data Analytics",https://careers.airbnb.com/positions/7988010?gh_jid=7988010,2026-08-13,New,0,"Airbnb Careers"
